Image,SYear,EYear,SDay,EDay,Mask,Nin,Nout,Min,Max,Mean,StDev,Median
ESACCI-OC-L3S-CHLOR_A-MERGED-1M_MONTHLY_4km_GEO_PML_OCx-201001-fv5.0_5_reduced2_Average.hdf,2010,2010,1,31,34,1296,0,0.2767001,3.442517,0.499213,0.1869679,0.4664278
ESACCI-OC-L3S-CHLOR_A-MERGED-1M_MONTHLY_4km_GEO_PML_OCx-201002-fv5.0_5_reduced2_Average.hdf,2010,2010,32,59,34,1296,0,0.2652111,3.573153,0.4343338,0.2092058,0.386686
ESACCI-OC-L3S-CHLOR_A-MERGED-1M_MONTHLY_4km_GEO_PML_OCx-201003-fv5.0_5_reduced2_Average.hdf,2010,2010,60,90,34,1296,0,0.1637119,3.541731,0.5165311,0.3401248,0.3904055
ESACCI-OC-L3S-CHLOR_A-MERGED-1M_MONTHLY_4km_GEO_PML_OCx-201004-fv5.0_5_reduced2_Average.hdf,2010,2010,91,120,34,1296,0,0.1185852,3.117072,0.3799908,0.2714747,0.2825045
ESACCI-OC-L3S-CHLOR_A-MERGED-1M_MONTHLY_4km_GEO_PML_OCx-201005-fv5.0_5_reduced2_Average.hdf,2010,2010,121,151,34,1296,0,0.1919993,4.071031,0.5518071,0.4117275,0.4076189
ESACCI-OC-L3S-CHLOR_A-MERGED-1M_MONTHLY_4km_GEO_PML_OCx-201006-fv5.0_5_reduced2_Average.hdf,2010,2010,152,181,34,1117,179,0.1237632,3.636812,0.5296062,0.287319,0.4472033
ESACCI-OC-L3S-CHLOR_A-MERGED-1M_MONTHLY_4km_GEO_PML_OCx-201007-fv5.0_5_reduced2_Average.hdf,2010,2010,182,212,34,1296,0,0.1116502,5.614327,0.5633892,0.4491996,0.4520483
ESACCI-OC-L3S-CHLOR_A-MERGED-1M_MONTHLY_4km_GEO_PML_OCx-201008-fv5.0_5_reduced2_Average.hdf,2010,2010,213,243,34,1296,0,0.1133758,5.938755,0.6486606,0.4542663,0.5190032
ESACCI-OC-L3S-CHLOR_A-MERGED-1M_MONTHLY_4km_GEO_PML_OCx-201009-fv5.0_5_reduced2_Average.hdf,2010,2010,244,273,34,1296,0,0.1781464,5.73595,0.5974444,0.4172868,0.4661225
ESACCI-OC-L3S-CHLOR_A-MERGED-1M_MONTHLY_4km_GEO_PML_OCx-201010-fv5.0_5_reduced2_Average.hdf,2010,2010,274,304,34,1296,0,0.1993706,4.330152,0.6900632,0.4447733,0.5603532
ESACCI-OC-L3S-CHLOR_A-MERGED-1M_MONTHLY_4km_GEO_PML_OCx-201011-fv5.0_5_reduced2_Average.hdf,2010,2010,305,334,34,1296,0,0.2516155,4.326276,0.9875474,0.5749978,0.8583097
ESACCI-OC-L3S-CHLOR_A-MERGED-1M_MONTHLY_4km_GEO_PML_OCx-201012-fv5.0_5_reduced2_Average.hdf,2010,2010,335,365,34,1296,0,0.3439979,3.865015,1.309013,0.6679488,1.210708
ESACCI-OC-L3S-CHLOR_A-MERGED-1M_MONTHLY_4km_GEO_PML_OCx-201101-fv5.0_5_reduced2_Average.hdf,2011,2011,1,31,34,1296,0,0.4567413,3.675159,0.9612662,0.3474352,0.8836908
ESACCI-OC-L3S-CHLOR_A-MERGED-1M_MONTHLY_4km_GEO_PML_OCx-201102-fv5.0_5_reduced2_Average.hdf,2011,2011,32,59,34,1296,0,0.1906047,3.24141,0.781669,0.3756696,0.7133712
ESACCI-OC-L3S-CHLOR_A-MERGED-1M_MONTHLY_4km_GEO_PML_OCx-201103-fv5.0_5_reduced2_Average.hdf,2011,2011,60,90,34,1296,0,0.1338301,3.912833,0.7998084,0.4752395,0.7431132
ESACCI-OC-L3S-CHLOR_A-MERGED-1M_MONTHLY_4km_GEO_PML_OCx-201104-fv5.0_5_reduced2_Average.hdf,2011,2011,91,120,34,1296,0,0.1142966,4.098958,0.6863365,0.3894171,0.6387424
ESACCI-OC-L3S-CHLOR_A-MERGED-1M_MONTHLY_4km_GEO_PML_OCx-201105-fv5.0_5_reduced2_Average.hdf,2011,2011,121,151,34,1296,0,0.09207974,3.160264,0.7426848,0.4113761,0.6527376
ESACCI-OC-L3S-CHLOR_A-MERGED-1M_MONTHLY_4km_GEO_PML_OCx-201106-fv5.0_5_reduced2_Average.hdf,2011,2011,152,181,34,1296,0,0.1254598,3.592123,0.8615986,0.548078,0.7370739
ESACCI-OC-L3S-CHLOR_A-MERGED-1M_MONTHLY_4km_GEO_PML_OCx-201107-fv5.0_5_reduced2_Average.hdf,2011,2011,182,212,34,1296,0,0.126719,2.974549,0.5571584,0.4045871,0.4596738
ESACCI-OC-L3S-CHLOR_A-MERGED-1M_MONTHLY_4km_GEO_PML_OCx-201108-fv5.0_5_reduced2_Average.hdf,2011,2011,213,243,34,1295,1,0.1223649,3.129536,0.4751222,0.3248736,0.4439332
ESACCI-OC-L3S-CHLOR_A-MERGED-1M_MONTHLY_4km_GEO_PML_OCx-201109-fv5.0_5_reduced2_Average.hdf,2011,2011,244,273,34,1296,0,0.1338682,3.510726,0.4679938,0.318309,0.4051264
ESACCI-OC-L3S-CHLOR_A-MERGED-1M_MONTHLY_4km_GEO_PML_OCx-201110-fv5.0_5_reduced2_Average.hdf,2011,2011,274,304,34,1296,0,0.1380322,6.802924,0.5347435,0.5852437,0.363226
ESACCI-OC-L3S-CHLOR_A-MERGED-1M_MONTHLY_4km_GEO_PML_OCx-201111-fv5.0_5_reduced2_Average.hdf,2011,2011,305,334,34,1296,0,0.1233242,4.393993,0.6670696,0.714694,0.4062063
ESACCI-OC-L3S-CHLOR_A-MERGED-1M_MONTHLY_4km_GEO_PML_OCx-201112-fv5.0_5_reduced2_Average.hdf,2011,2011,335,365,34,1296,0,0.1751256,2.747148,0.570951,0.3177748,0.4565021
ESACCI-OC-L3S-CHLOR_A-MERGED-1M_MONTHLY_4km_GEO_PML_OCx-201201-fv5.0_5_reduced2_Average.hdf,2012,2012,1,31,34,1296,0,0.2402005,2.292166,0.5629078,0.2060618,0.5072696
ESACCI-OC-L3S-CHLOR_A-MERGED-1M_MONTHLY_4km_GEO_PML_OCx-201202-fv5.0_5_reduced2_Average.hdf,2012,2012,32,60,34,1296,0,0.1255359,1.692874,0.5128522,0.1975399,0.4819466
ESACCI-OC-L3S-CHLOR_A-MERGED-1M_MONTHLY_4km_GEO_PML_OCx-201203-fv5.0_5_reduced2_Average.hdf,2012,2012,61,91,34,1296,0,0.1232532,6.541308,0.6501259,0.4827494,0.5775385
ESACCI-OC-L3S-CHLOR_A-MERGED-1M_MONTHLY_4km_GEO_PML_OCx-201204-fv5.0_5_reduced2_Average.hdf,2012,2012,92,121,34,1295,1,0.1084125,5.093684,0.5428322,0.3883418,0.4807363
ESACCI-OC-L3S-CHLOR_A-MERGED-1M_MONTHLY_4km_GEO_PML_OCx-201205-fv5.0_5_reduced2_Average.hdf,2012,2012,122,152,34,1294,2,0.09319526,2.968656,0.6821233,0.5821115,0.4865839
ESACCI-OC-L3S-CHLOR_A-MERGED-1M_MONTHLY_4km_GEO_PML_OCx-201206-fv5.0_5_reduced2_Average.hdf,2012,2012,153,182,34,1294,2,0.08607785,4.71719,0.7350472,0.6386573,0.5196953
ESACCI-OC-L3S-CHLOR_A-MERGED-1M_MONTHLY_4km_GEO_PML_OCx-201207-fv5.0_5_reduced2_Average.hdf,2012,2012,183,213,34,1290,6,0.09929822,3.570366,0.5219804,0.3941997,0.3977168
ESACCI-OC-L3S-CHLOR_A-MERGED-1M_MONTHLY_4km_GEO_PML_OCx-201208-fv5.0_5_reduced2_Average.hdf,2012,2012,214,244,34,1294,2,0.09757127,1.440601,0.3101699,0.178431,0.2703354
ESACCI-OC-L3S-CHLOR_A-MERGED-1M_MONTHLY_4km_GEO_PML_OCx-201209-fv5.0_5_reduced2_Average.hdf,2012,2012,245,274,34,1294,2,0.107724,0.9547156,0.2310108,0.1074143,0.2031943
ESACCI-OC-L3S-CHLOR_A-MERGED-1M_MONTHLY_4km_GEO_PML_OCx-201210-fv5.0_5_reduced2_Average.hdf,2012,2012,275,305,34,1294,2,0.1441492,1.913641,0.2309382,0.09190794,0.2102883
ESACCI-OC-L3S-CHLOR_A-MERGED-1M_MONTHLY_4km_GEO_PML_OCx-201211-fv5.0_5_reduced2_Average.hdf,2012,2012,306,335,34,1294,2,0.1642384,2.18511,0.2836682,0.126113,0.2453523
ESACCI-OC-L3S-CHLOR_A-MERGED-1M_MONTHLY_4km_GEO_PML_OCx-201212-fv5.0_5_reduced2_Average.hdf,2012,2012,336,366,34,1294,2,0.1506122,2.026123,0.3755208,0.1882714,0.31705
ESACCI-OC-L3S-CHLOR_A-MERGED-1M_MONTHLY_4km_GEO_PML_OCx-201301-fv5.0_5_reduced2_Average.hdf,2013,2013,1,31,34,1294,2,0.1660915,3.229108,0.65297,0.383544,0.5760612
ESACCI-OC-L3S-CHLOR_A-MERGED-1M_MONTHLY_4km_GEO_PML_OCx-201302-fv5.0_5_reduced2_Average.hdf,2013,2013,32,59,34,1294,2,0.1539325,2.672781,0.5379984,0.2238522,0.5281842
ESACCI-OC-L3S-CHLOR_A-MERGED-1M_MONTHLY_4km_GEO_PML_OCx-201303-fv5.0_5_reduced2_Average.hdf,2013,2013,60,90,34,1294,2,0.1221634,3.617243,0.5659374,0.3863362,0.4493316
ESACCI-OC-L3S-CHLOR_A-MERGED-1M_MONTHLY_4km_GEO_PML_OCx-201304-fv5.0_5_reduced2_Average.hdf,2013,2013,91,120,34,1294,2,0.1082068,3.079086,0.5537077,0.3345331,0.4562922
ESACCI-OC-L3S-CHLOR_A-MERGED-1M_MONTHLY_4km_GEO_PML_OCx-201305-fv5.0_5_reduced2_Average.hdf,2013,2013,121,151,34,1294,2,0.09204923,2.038996,0.5353878,0.3458176,0.4334968
ESACCI-OC-L3S-CHLOR_A-MERGED-1M_MONTHLY_4km_GEO_PML_OCx-201306-fv5.0_5_reduced2_Average.hdf,2013,2013,152,181,34,1286,10,0.08234608,3.598073,0.5329096,0.3277203,0.4720753
ESACCI-OC-L3S-CHLOR_A-MERGED-1M_MONTHLY_4km_GEO_PML_OCx-201307-fv5.0_5_reduced2_Average.hdf,2013,2013,182,212,34,1280,16,0.08487925,2.518305,0.4007309,0.2683304,0.3402557
ESACCI-OC-L3S-CHLOR_A-MERGED-1M_MONTHLY_4km_GEO_PML_OCx-201308-fv5.0_5_reduced2_Average.hdf,2013,2013,213,243,34,1294,2,0.1166468,2.194443,0.2951217,0.1827241,0.2404976
ESACCI-OC-L3S-CHLOR_A-MERGED-1M_MONTHLY_4km_GEO_PML_OCx-201309-fv5.0_5_reduced2_Average.hdf,2013,2013,244,273,34,1294,2,0.1419558,2.37015,0.4045272,0.3947154,0.2512265
ESACCI-OC-L3S-CHLOR_A-MERGED-1M_MONTHLY_4km_GEO_PML_OCx-201310-fv5.0_5_reduced2_Average.hdf,2013,2013,274,304,34,1294,2,0.1642495,1.507517,0.3731422,0.2412194,0.2761974
ESACCI-OC-L3S-CHLOR_A-MERGED-1M_MONTHLY_4km_GEO_PML_OCx-201311-fv5.0_5_reduced2_Average.hdf,2013,2013,305,334,34,1294,2,0.163512,1.614493,0.3231364,0.1465043,0.2695937
ESACCI-OC-L3S-CHLOR_A-MERGED-1M_MONTHLY_4km_GEO_PML_OCx-201312-fv5.0_5_reduced2_Average.hdf,2013,2013,335,365,34,1294,2,0.1849859,1.78103,0.4212693,0.1323942,0.3959645
ESACCI-OC-L3S-CHLOR_A-MERGED-1M_MONTHLY_4km_GEO_PML_OCx-201401-fv5.0_5_reduced2_Average.hdf,2014,2014,1,31,34,1294,2,0.155342,1.749933,0.3546202,0.1276803,0.3129298
ESACCI-OC-L3S-CHLOR_A-MERGED-1M_MONTHLY_4km_GEO_PML_OCx-201402-fv5.0_5_reduced2_Average.hdf,2014,2014,32,59,34,1294,2,0.1290977,2.155458,0.3740969,0.1662642,0.3341274
ESACCI-OC-L3S-CHLOR_A-MERGED-1M_MONTHLY_4km_GEO_PML_OCx-201403-fv5.0_5_reduced2_Average.hdf,2014,2014,60,90,34,1294,2,0.1045376,1.832149,0.310703,0.1773188,0.2421147
ESACCI-OC-L3S-CHLOR_A-MERGED-1M_MONTHLY_4km_GEO_PML_OCx-201404-fv5.0_5_reduced2_Average.hdf,2014,2014,91,120,34,1294,2,0.1063072,4.04601,0.3801501,0.3462631,0.2800713
ESACCI-OC-L3S-CHLOR_A-MERGED-1M_MONTHLY_4km_GEO_PML_OCx-201405-fv5.0_5_reduced2_Average.hdf,2014,2014,121,151,34,1294,2,0.07018078,2.455647,0.3605804,0.2622704,0.2693886
ESACCI-OC-L3S-CHLOR_A-MERGED-1M_MONTHLY_4km_GEO_PML_OCx-201406-fv5.0_5_reduced2_Average.hdf,2014,2014,152,181,34,1107,189,0.0874638,2.187123,0.3941354,0.3267756,0.2850303
ESACCI-OC-L3S-CHLOR_A-MERGED-1M_MONTHLY_4km_GEO_PML_OCx-201407-fv5.0_5_reduced2_Average.hdf,2014,2014,182,212,34,1294,2,0.08424409,1.189681,0.2069005,0.08824316,0.1865265
ESACCI-OC-L3S-CHLOR_A-MERGED-1M_MONTHLY_4km_GEO_PML_OCx-201408-fv5.0_5_reduced2_Average.hdf,2014,2014,213,243,34,1294,2,0.09197143,0.9755451,0.2162456,0.1045925,0.1694519
ESACCI-OC-L3S-CHLOR_A-MERGED-1M_MONTHLY_4km_GEO_PML_OCx-201409-fv5.0_5_reduced2_Average.hdf,2014,2014,244,273,34,1294,2,0.0821901,0.8847885,0.2210159,0.1018955,0.1805365
ESACCI-OC-L3S-CHLOR_A-MERGED-1M_MONTHLY_4km_GEO_PML_OCx-201410-fv5.0_5_reduced2_Average.hdf,2014,2014,274,304,34,1294,2,0.08814973,0.9354448,0.1782102,0.06301764,0.1617777
ESACCI-OC-L3S-CHLOR_A-MERGED-1M_MONTHLY_4km_GEO_PML_OCx-201411-fv5.0_5_reduced2_Average.hdf,2014,2014,305,334,34,1294,2,0.1006933,1.048119,0.1988007,0.1045821,0.1676817
ESACCI-OC-L3S-CHLOR_A-MERGED-1M_MONTHLY_4km_GEO_PML_OCx-201412-fv5.0_5_reduced2_Average.hdf,2014,2014,335,365,34,1294,2,0.1117893,1.454779,0.2215572,0.1123157,0.176928
ESACCI-OC-L3S-CHLOR_A-MERGED-1M_MONTHLY_4km_GEO_PML_OCx-201501-fv5.0_5_reduced2_Average.hdf,2015,2015,1,31,34,1294,2,0.1125339,1.44439,0.2059124,0.09470915,0.1851121
ESACCI-OC-L3S-CHLOR_A-MERGED-1M_MONTHLY_4km_GEO_PML_OCx-201502-fv5.0_5_reduced2_Average.hdf,2015,2015,32,59,34,1294,2,0.08585732,1.674966,0.1822368,0.1006467,0.1602533
ESACCI-OC-L3S-CHLOR_A-MERGED-1M_MONTHLY_4km_GEO_PML_OCx-201503-fv5.0_5_reduced2_Average.hdf,2015,2015,60,90,34,1294,2,0.06994767,1.008938,0.1915666,0.1181395,0.1468143
ESACCI-OC-L3S-CHLOR_A-MERGED-1M_MONTHLY_4km_GEO_PML_OCx-201504-fv5.0_5_reduced2_Average.hdf,2015,2015,91,120,34,1294,2,0.07334435,1.85353,0.283669,0.24332,0.1908143
ESACCI-OC-L3S-CHLOR_A-MERGED-1M_MONTHLY_4km_GEO_PML_OCx-201505-fv5.0_5_reduced2_Average.hdf,2015,2015,121,151,34,1294,2,0.06359182,3.214582,0.3165259,0.2702558,0.230558
ESACCI-OC-L3S-CHLOR_A-MERGED-1M_MONTHLY_4km_GEO_PML_OCx-201506-fv5.0_5_reduced2_Average.hdf,2015,2015,152,181,34,1294,2,0.05791894,1.641119,0.2981321,0.2087843,0.252551
ESACCI-OC-L3S-CHLOR_A-MERGED-1M_MONTHLY_4km_GEO_PML_OCx-201507-fv5.0_5_reduced2_Average.hdf,2015,2015,182,212,34,1294,2,0.05841705,1.487136,0.1936011,0.1068878,0.1754645
ESACCI-OC-L3S-CHLOR_A-MERGED-1M_MONTHLY_4km_GEO_PML_OCx-201508-fv5.0_5_reduced2_Average.hdf,2015,2015,213,243,34,1294,2,0.0748525,0.7583377,0.1618023,0.084744,0.134627
ESACCI-OC-L3S-CHLOR_A-MERGED-1M_MONTHLY_4km_GEO_PML_OCx-201509-fv5.0_5_reduced2_Average.hdf,2015,2015,244,273,34,1294,2,0.08505464,0.7666488,0.150239,0.06431053,0.132702
ESACCI-OC-L3S-CHLOR_A-MERGED-1M_MONTHLY_4km_GEO_PML_OCx-201510-fv5.0_5_reduced2_Average.hdf,2015,2015,274,304,34,1294,2,0.09097536,0.8961828,0.1585074,0.06549238,0.1465827
ESACCI-OC-L3S-CHLOR_A-MERGED-1M_MONTHLY_4km_GEO_PML_OCx-201511-fv5.0_5_reduced2_Average.hdf,2015,2015,305,334,34,1294,2,0.1148118,1.060117,0.223142,0.08687492,0.208198
ESACCI-OC-L3S-CHLOR_A-MERGED-1M_MONTHLY_4km_GEO_PML_OCx-201512-fv5.0_5_reduced2_Average.hdf,2015,2015,335,365,34,1294,2,0.1338042,1.592529,0.3287001,0.1466882,0.2972848
ESACCI-OC-L3S-CHLOR_A-MERGED-1M_MONTHLY_4km_GEO_PML_OCx-201601-fv5.0_5_reduced2_Average.hdf,2016,2016,1,31,34,1294,2,0.1411225,1.785301,0.3946635,0.1857007,0.3657523
ESACCI-OC-L3S-CHLOR_A-MERGED-1M_MONTHLY_4km_GEO_PML_OCx-201602-fv5.0_5_reduced2_Average.hdf,2016,2016,32,60,34,1294,2,0.1154539,1.763538,0.4261252,0.1966897,0.4453065
ESACCI-OC-L3S-CHLOR_A-MERGED-1M_MONTHLY_4km_GEO_PML_OCx-201603-fv5.0_5_reduced2_Average.hdf,2016,2016,61,91,34,1294,2,0.08178094,3.197195,0.3811085,0.2803561,0.3010992
ESACCI-OC-L3S-CHLOR_A-MERGED-1M_MONTHLY_4km_GEO_PML_OCx-201604-fv5.0_5_reduced2_Average.hdf,2016,2016,92,121,34,1294,2,0.08659871,2.303324,0.3812185,0.2844187,0.2962793
ESACCI-OC-L3S-CHLOR_A-MERGED-1M_MONTHLY_4km_GEO_PML_OCx-201605-fv5.0_5_reduced2_Average.hdf,2016,2016,122,152,34,1294,2,0.08940557,2.83218,0.4530538,0.2936655,0.3596251
ESACCI-OC-L3S-CHLOR_A-MERGED-1M_MONTHLY_4km_GEO_PML_OCx-201606-fv5.0_5_reduced2_Average.hdf,2016,2016,153,182,34,1294,2,0.1089069,3.60266,0.6919905,0.6580296,0.4636278
ESACCI-OC-L3S-CHLOR_A-MERGED-1M_MONTHLY_4km_GEO_PML_OCx-201607-fv5.0_5_reduced2_Average.hdf,2016,2016,183,213,34,1294,2,0.08032381,2.355493,0.3977222,0.263846,0.3477446
ESACCI-OC-L3S-CHLOR_A-MERGED-1M_MONTHLY_4km_GEO_PML_OCx-201608-fv5.0_5_reduced2_Average.hdf,2016,2016,214,244,34,1294,2,0.09700479,1.932471,0.3890073,0.2422346,0.3217941
ESACCI-OC-L3S-CHLOR_A-MERGED-1M_MONTHLY_4km_GEO_PML_OCx-201609-fv5.0_5_reduced2_Average.hdf,2016,2016,245,274,34,1294,2,0.09226699,1.480351,0.3333415,0.1865986,0.2964417
ESACCI-OC-L3S-CHLOR_A-MERGED-1M_MONTHLY_4km_GEO_PML_OCx-201610-fv5.0_5_reduced2_Average.hdf,2016,2016,275,305,34,1294,2,0.114047,1.741956,0.3350853,0.2233526,0.2487914
ESACCI-OC-L3S-CHLOR_A-MERGED-1M_MONTHLY_4km_GEO_PML_OCx-201611-fv5.0_5_reduced2_Average.hdf,2016,2016,306,335,34,1294,2,0.1369798,1.949469,0.339813,0.2041223,0.3015102
ESACCI-OC-L3S-CHLOR_A-MERGED-1M_MONTHLY_4km_GEO_PML_OCx-201612-fv5.0_5_reduced2_Average.hdf,2016,2016,336,366,34,1294,2,0.1673704,2.310717,0.4742209,0.2261971,0.4478353
ESACCI-OC-L3S-CHLOR_A-MERGED-1M_MONTHLY_4km_GEO_PML_OCx-201701-fv5.0_5_reduced2_Average.hdf,2017,2017,1,31,34,1294,2,0.1206633,2.599459,0.4599938,0.1929406,0.4288646
ESACCI-OC-L3S-CHLOR_A-MERGED-1M_MONTHLY_4km_GEO_PML_OCx-201702-fv5.0_5_reduced2_Average.hdf,2017,2017,32,59,34,1294,2,0.1297445,2.307057,0.4112211,0.1905289,0.3705751
ESACCI-OC-L3S-CHLOR_A-MERGED-1M_MONTHLY_4km_GEO_PML_OCx-201703-fv5.0_5_reduced2_Average.hdf,2017,2017,60,90,34,1294,2,0.09226629,2.853979,0.3853738,0.2665993,0.3135613
ESACCI-OC-L3S-CHLOR_A-MERGED-1M_MONTHLY_4km_GEO_PML_OCx-201704-fv5.0_5_reduced2_Average.hdf,2017,2017,91,120,34,1294,2,0.07194921,3.189092,0.4769347,0.4075906,0.3261807
ESACCI-OC-L3S-CHLOR_A-MERGED-1M_MONTHLY_4km_GEO_PML_OCx-201705-fv5.0_5_reduced2_Average.hdf,2017,2017,121,151,34,1294,2,0.07832229,3.538571,0.5312513,0.4344256,0.4259852
ESACCI-OC-L3S-CHLOR_A-MERGED-1M_MONTHLY_4km_GEO_PML_OCx-201706-fv5.0_5_reduced2_Average.hdf,2017,2017,152,181,34,1294,2,0.06951314,4.779605,0.515436,0.4530598,0.4017525
ESACCI-OC-L3S-CHLOR_A-MERGED-1M_MONTHLY_4km_GEO_PML_OCx-201707-fv5.0_5_reduced2_Average.hdf,2017,2017,182,212,34,1294,2,0.06641826,3.952079,0.4418226,0.4288402,0.3087483
ESACCI-OC-L3S-CHLOR_A-MERGED-1M_MONTHLY_4km_GEO_PML_OCx-201708-fv5.0_5_reduced2_Average.hdf,2017,2017,213,243,34,1294,2,0.06090806,1.548941,0.2828695,0.1859261,0.231996
ESACCI-OC-L3S-CHLOR_A-MERGED-1M_MONTHLY_4km_GEO_PML_OCx-201709-fv5.0_5_reduced2_Average.hdf,2017,2017,244,273,34,1294,2,0.08346761,1.295052,0.2721922,0.1253193,0.2398922
ESACCI-OC-L3S-CHLOR_A-MERGED-1M_MONTHLY_4km_GEO_PML_OCx-201710-fv5.0_5_reduced2_Average.hdf,2017,2017,274,304,34,1294,2,0.1114892,1.192397,0.2674686,0.1108398,0.2475469
ESACCI-OC-L3S-CHLOR_A-MERGED-1M_MONTHLY_4km_GEO_PML_OCx-201711-fv5.0_5_reduced2_Average.hdf,2017,2017,305,334,34,1294,2,0.1301488,2.15373,0.3472244,0.1885137,0.3067277
ESACCI-OC-L3S-CHLOR_A-MERGED-1M_MONTHLY_4km_GEO_PML_OCx-201712-fv5.0_5_reduced2_Average.hdf,2017,2017,335,365,34,1294,2,0.1384868,1.693443,0.3522004,0.1675092,0.3131964
ESACCI-OC-L3S-CHLOR_A-MERGED-1M_MONTHLY_4km_GEO_PML_OCx-201801-fv5.0_5_reduced2_Average.hdf,2018,2018,1,31,34,1294,2,0.1141348,2.519528,0.3728801,0.1981485,0.3252755
ESACCI-OC-L3S-CHLOR_A-MERGED-1M_MONTHLY_4km_GEO_PML_OCx-201802-fv5.0_5_reduced2_Average.hdf,2018,2018,32,59,34,1294,2,0.09876362,2.089897,0.3069773,0.1586587,0.2715221
ESACCI-OC-L3S-CHLOR_A-MERGED-1M_MONTHLY_4km_GEO_PML_OCx-201803-fv5.0_5_reduced2_Average.hdf,2018,2018,60,90,34,1294,2,0.09568521,2.799345,0.3752298,0.276731,0.2888991
ESACCI-OC-L3S-CHLOR_A-MERGED-1M_MONTHLY_4km_GEO_PML_OCx-201804-fv5.0_5_reduced2_Average.hdf,2018,2018,91,120,34,1294,2,0.09475848,2.648857,0.4881991,0.400777,0.3148934
ESACCI-OC-L3S-CHLOR_A-MERGED-1M_MONTHLY_4km_GEO_PML_OCx-201805-fv5.0_5_reduced2_Average.hdf,2018,2018,121,151,34,1294,2,0.08818001,4.134864,0.4698461,0.3320384,0.3995729
ESACCI-OC-L3S-CHLOR_A-MERGED-1M_MONTHLY_4km_GEO_PML_OCx-201806-fv5.0_5_reduced2_Average.hdf,2018,2018,152,181,34,1294,2,0.06741177,3.208729,0.4928939,0.3093735,0.4378509
ESACCI-OC-L3S-CHLOR_A-MERGED-1M_MONTHLY_4km_GEO_PML_OCx-201807-fv5.0_5_reduced2_Average.hdf,2018,2018,182,212,34,1294,2,0.06462626,2.71969,0.4339977,0.3436623,0.3203554
ESACCI-OC-L3S-CHLOR_A-MERGED-1M_MONTHLY_4km_GEO_PML_OCx-201808-fv5.0_5_reduced2_Average.hdf,2018,2018,213,243,34,1294,2,0.07454246,1.492271,0.2984509,0.1393268,0.2714681
ESACCI-OC-L3S-CHLOR_A-MERGED-1M_MONTHLY_4km_GEO_PML_OCx-201809-fv5.0_5_reduced2_Average.hdf,2018,2018,244,273,34,1294,2,0.1029392,1.710808,0.4793462,0.2782315,0.3626168
ESACCI-OC-L3S-CHLOR_A-MERGED-1M_MONTHLY_4km_GEO_PML_OCx-201810-fv5.0_5_reduced2_Average.hdf,2018,2018,274,304,34,1294,2,0.09009667,1.576951,0.3226921,0.1629006,0.2905828
ESACCI-OC-L3S-CHLOR_A-MERGED-1M_MONTHLY_4km_GEO_PML_OCx-201811-fv5.0_5_reduced2_Average.hdf,2018,2018,305,334,34,1294,2,0.1727517,1.493416,0.2505856,0.07370903,0.2314138
ESACCI-OC-L3S-CHLOR_A-MERGED-1M_MONTHLY_4km_GEO_PML_OCx-201812-fv5.0_5_reduced2_Average.hdf,2018,2018,335,365,34,1294,2,0.1679584,2.286451,0.3249556,0.1409476,0.2678896
ESACCI-OC-L3S-CHLOR_A-MERGED-1M_MONTHLY_4km_GEO_PML_OCx-201901-fv5.0_5_reduced2_Average.hdf,2019,2019,1,31,34,1294,2,0.1283745,1.908882,0.3783445,0.1600238,0.3367408
ESACCI-OC-L3S-CHLOR_A-MERGED-1M_MONTHLY_4km_GEO_PML_OCx-201902-fv5.0_5_reduced2_Average.hdf,2019,2019,32,59,34,1294,2,0.1563607,2.380574,0.4852317,0.2983426,0.3984334
ESACCI-OC-L3S-CHLOR_A-MERGED-1M_MONTHLY_4km_GEO_PML_OCx-201903-fv5.0_5_reduced2_Average.hdf,2019,2019,60,90,34,1294,2,0.1383292,1.899383,0.3172041,0.170798,0.2661772
ESACCI-OC-L3S-CHLOR_A-MERGED-1M_MONTHLY_4km_GEO_PML_OCx-201904-fv5.0_5_reduced2_Average.hdf,2019,2019,91,120,34,1294,2,0.09894037,2.257282,0.3158719,0.2402343,0.2346669
ESACCI-OC-L3S-CHLOR_A-MERGED-1M_MONTHLY_4km_GEO_PML_OCx-201905-fv5.0_5_reduced2_Average.hdf,2019,2019,121,151,34,1294,2,0.07788567,5.850055,0.3986285,0.3990809,0.2514113
ESACCI-OC-L3S-CHLOR_A-MERGED-1M_MONTHLY_4km_GEO_PML_OCx-201906-fv5.0_5_reduced2_Average.hdf,2019,2019,152,181,34,1205,91,0.05113217,4.933529,0.3941632,0.303064,0.3333485
ESACCI-OC-L3S-CHLOR_A-MERGED-1M_MONTHLY_4km_GEO_PML_OCx-201907-fv5.0_5_reduced2_Average.hdf,2019,2019,182,212,34,1294,2,0.08169509,2.575803,0.4521165,0.3605169,0.3532521
ESACCI-OC-L3S-CHLOR_A-MERGED-1M_MONTHLY_4km_GEO_PML_OCx-201908-fv5.0_5_reduced2_Average.hdf,2019,2019,213,243,34,1294,2,0.09321356,4.640533,0.7368972,0.697497,0.5108414
ESACCI-OC-L3S-CHLOR_A-MERGED-1M_MONTHLY_4km_GEO_PML_OCx-201909-fv5.0_5_reduced2_Average.hdf,2019,2019,244,273,34,1294,2,0.114526,2.266653,0.5661658,0.4048676,0.4785863
ESACCI-OC-L3S-CHLOR_A-MERGED-1M_MONTHLY_4km_GEO_PML_OCx-201910-fv5.0_5_reduced2_Average.hdf,2019,2019,274,304,34,1294,2,0.124165,2.124174,0.4315606,0.2829867,0.3409287
ESACCI-OC-L3S-CHLOR_A-MERGED-1M_MONTHLY_4km_GEO_PML_OCx-201911-fv5.0_5_reduced2_Average.hdf,2019,2019,305,334,34,1294,2,0.1621795,2.12373,0.4060504,0.222464,0.336925
ESACCI-OC-L3S-CHLOR_A-MERGED-1M_MONTHLY_4km_GEO_PML_OCx-201912-fv5.0_5_reduced2_Average.hdf,2019,2019,335,365,34,1294,2,0.186542,2.651296,0.4698304,0.2924437,0.3562047
ESACCI-OC-L3S-CHLOR_A-MERGED-1M_MONTHLY_4km_GEO_PML_OCx-202001-fv5.0_5_reduced2_Average.hdf,2020,2020,1,31,34,1294,2,0.1553174,2.301069,0.4564356,0.2675365,0.3826415
ESACCI-OC-L3S-CHLOR_A-MERGED-1M_MONTHLY_4km_GEO_PML_OCx-202002-fv5.0_5_reduced2_Average.hdf,2020,2020,32,60,34,1294,2,0.1328334,1.757134,0.4085119,0.2413637,0.3476959
ESACCI-OC-L3S-CHLOR_A-MERGED-1M_MONTHLY_4km_GEO_PML_OCx-202003-fv5.0_5_reduced2_Average.hdf,2020,2020,61,91,34,1294,2,0.1021219,2.418713,0.2801063,0.1838561,0.2224549
ESACCI-OC-L3S-CHLOR_A-MERGED-1M_MONTHLY_4km_GEO_PML_OCx-202004-fv5.0_5_reduced2_Average.hdf,2020,2020,92,121,34,1294,2,0.08617527,5.243507,0.4970322,0.640586,0.2536416
ESACCI-OC-L3S-CHLOR_A-MERGED-1M_MONTHLY_4km_GEO_PML_OCx-202005-fv5.0_5_reduced2_Average.hdf,2020,2020,122,152,34,1294,2,0.07231937,4.544208,0.5787016,0.6846111,0.2601198
ESACCI-OC-L3S-CHLOR_A-MERGED-1M_MONTHLY_4km_GEO_PML_OCx-202006-fv5.0_5_reduced2_Average.hdf,2020,2020,153,182,34,1294,2,0.06080732,4.735828,0.5334874,0.4300092,0.4108657
ESACCI-OC-L3S-CHLOR_A-MERGED-1M_MONTHLY_4km_GEO_PML_OCx-202007-fv5.0_5_reduced2_Average.hdf,2020,2020,183,213,34,1294,2,0.08114961,4.427302,0.6028472,0.4728957,0.4996758
ESACCI-OC-L3S-CHLOR_A-MERGED-1M_MONTHLY_4km_GEO_PML_OCx-202008-fv5.0_5_reduced2_Average.hdf,2020,2020,214,244,34,1294,2,0.1155341,3.314863,0.5401877,0.3857569,0.4338264
ESACCI-OC-L3S-CHLOR_A-MERGED-1M_MONTHLY_4km_GEO_PML_OCx-202009-fv5.0_5_reduced2_Average.hdf,2020,2020,245,274,34,1294,2,0.2522672,1.841502,0.4685662,0.2003213,0.3958159
ESACCI-OC-L3S-CHLOR_A-MERGED-1M_MONTHLY_4km_GEO_PML_OCx-202010-fv5.0_5_reduced2_Average.hdf,2020,2020,275,305,34,1294,2,0.3063717,1.648037,0.4485261,0.1310954,0.4105357
ESACCI-OC-L3S-CHLOR_A-MERGED-1M_MONTHLY_4km_GEO_PML_OCx-202011-fv5.0_5_reduced2_Average.hdf,2020,2020,306,335,34,1294,2,0.2312542,2.659236,0.5821251,0.3323085,0.4508731
ESACCI-OC-L3S-CHLOR_A-MERGED-1M_MONTHLY_4km_GEO_PML_OCx-202012-fv5.0_5_reduced2_Average.hdf,2020,2020,336,366,34,1294,2,0.1796163,2.853481,0.6091737,0.2876869,0.5410712
ESACCI-OC-L3S-CHLOR_A-MERGED-1M_MONTHLY_4km_GEO_PML_OCx-202101-fv5.0_5_reduced2_Average.hdf,2021,2021,1,31,34,1294,2,0.2140385,2.709834,0.647451,0.2746466,0.6009456
ESACCI-OC-L3S-CHLOR_A-MERGED-1M_MONTHLY_4km_GEO_PML_OCx-202102-fv5.0_5_reduced2_Average.hdf,2021,2021,32,59,34,1294,2,0.2912415,2.625023,0.7424183,0.3150651,0.6309904
ESACCI-OC-L3S-CHLOR_A-MERGED-1M_MONTHLY_4km_GEO_PML_OCx-202103-fv5.0_5_reduced2_Average.hdf,2021,2021,60,90,34,1294,2,0.2505353,2.577328,0.6338106,0.3026135,0.548528
ESACCI-OC-L3S-CHLOR_A-MERGED-1M_MONTHLY_4km_GEO_PML_OCx-202104-fv5.0_5_reduced2_Average.hdf,2021,2021,91,120,34,1294,2,0.1708803,2.715439,0.5439095,0.2497596,0.4817014
ESACCI-OC-L3S-CHLOR_A-MERGED-1M_MONTHLY_4km_GEO_PML_OCx-202105-fv5.0_5_reduced2_Average.hdf,2021,2021,121,151,34,1294,2,0.140565,3.65104,0.5597919,0.3091695,0.5107351
ESACCI-OC-L3S-CHLOR_A-MERGED-1M_MONTHLY_4km_GEO_PML_OCx-202106-fv5.0_5_reduced2_Average.hdf,2021,2021,152,181,34,1294,2,0.1070595,3.994652,0.4256177,0.2608553,0.4120185
ESACCI-OC-L3S-CHLOR_A-MERGED-1M_MONTHLY_4km_GEO_PML_OCx-202107-fv5.0_5_reduced2_Average.hdf,2021,2021,182,212,34,1294,2,0.1110052,2.104962,0.2953789,0.1408788,0.2677139
ESACCI-OC-L3S-CHLOR_A-MERGED-1M_MONTHLY_4km_GEO_PML_OCx-202108-fv5.0_5_reduced2_Average.hdf,2021,2021,213,243,34,1294,2,0.1330162,2.328786,0.3456601,0.1862481,0.3090616
ESACCI-OC-L3S-CHLOR_A-MERGED-1M_MONTHLY_4km_GEO_PML_OCx-202109-fv5.0_5_reduced2_Average.hdf,2021,2021,244,273,34,1294,2,0.1383971,1.509801,0.3761663,0.1590553,0.3458415
ESACCI-OC-L3S-CHLOR_A-MERGED-1M_MONTHLY_4km_GEO_PML_OCx-202110-fv5.0_5_reduced2_Average.hdf,2021,2021,274,304,34,1294,2,0.1778649,2.573987,0.5065478,0.2266372,0.4715447
ESACCI-OC-L3S-CHLOR_A-MERGED-1M_MONTHLY_4km_GEO_PML_OCx-202111-fv5.0_5_reduced2_Average.hdf,2021,2021,305,334,34,1294,2,0.2486317,2.048877,0.4426109,0.148325,0.4024077
ESACCI-OC-L3S-CHLOR_A-MERGED-1M_MONTHLY_4km_GEO_PML_OCx-202112-fv5.0_5_reduced2_Average.hdf,2021,2021,335,365,34,1294,2,0.1891679,3.168459,0.640708,0.2322211,0.6300749
