Image,SYear,EYear,SDay,EDay,Mask,Nin,Nout,Min,Max,Mean,StDev,Median
ESACCI-OC-L3S-CHLOR_A-MERGED-1M_MONTHLY_4km_GEO_PML_OCx-201001-fv5.0_5_reduced2_Average.hdf,2010,2010,1,31,5,1902,37,0.1211226,0.4589718,0.2302863,0.02954159,0.228125
ESACCI-OC-L3S-CHLOR_A-MERGED-1M_MONTHLY_4km_GEO_PML_OCx-201002-fv5.0_5_reduced2_Average.hdf,2010,2010,32,59,5,1919,20,0.138815,0.3934919,0.2335242,0.03863689,0.2272677
ESACCI-OC-L3S-CHLOR_A-MERGED-1M_MONTHLY_4km_GEO_PML_OCx-201003-fv5.0_5_reduced2_Average.hdf,2010,2010,60,90,5,867,1072,0.1328226,0.4084092,0.2079932,0.02966014,0.2059976
ESACCI-OC-L3S-CHLOR_A-MERGED-1M_MONTHLY_4km_GEO_PML_OCx-201004-fv5.0_5_reduced2_Average.hdf,2010,2010,91,120,5,1939,0,0.1699567,0.6388773,0.3537595,0.06593892,0.3469068
ESACCI-OC-L3S-CHLOR_A-MERGED-1M_MONTHLY_4km_GEO_PML_OCx-201005-fv5.0_5_reduced2_Average.hdf,2010,2010,121,151,5,1913,26,0.09463358,0.8863637,0.3605436,0.1346727,0.3386874
ESACCI-OC-L3S-CHLOR_A-MERGED-1M_MONTHLY_4km_GEO_PML_OCx-201006-fv5.0_5_reduced2_Average.hdf,2010,2010,152,181,5,1803,136,0.1432038,3.697762,0.7078844,0.613861,0.4460759
ESACCI-OC-L3S-CHLOR_A-MERGED-1M_MONTHLY_4km_GEO_PML_OCx-201007-fv5.0_5_reduced2_Average.hdf,2010,2010,182,212,5,1541,398,0.117859,1.775638,0.2152484,0.07584884,0.2018207
ESACCI-OC-L3S-CHLOR_A-MERGED-1M_MONTHLY_4km_GEO_PML_OCx-201008-fv5.0_5_reduced2_Average.hdf,2010,2010,213,243,5,1939,0,0.07971138,0.2687244,0.1528192,0.04078719,0.156733
ESACCI-OC-L3S-CHLOR_A-MERGED-1M_MONTHLY_4km_GEO_PML_OCx-201009-fv5.0_5_reduced2_Average.hdf,2010,2010,244,273,5,1939,0,0.07962553,0.4682098,0.169624,0.06782468,0.1502923
ESACCI-OC-L3S-CHLOR_A-MERGED-1M_MONTHLY_4km_GEO_PML_OCx-201010-fv5.0_5_reduced2_Average.hdf,2010,2010,274,304,5,1939,0,0.1299155,0.5809559,0.3090348,0.08162242,0.3013847
ESACCI-OC-L3S-CHLOR_A-MERGED-1M_MONTHLY_4km_GEO_PML_OCx-201011-fv5.0_5_reduced2_Average.hdf,2010,2010,305,334,5,1610,329,0.2142554,0.6275359,0.370059,0.05523326,0.3634781
ESACCI-OC-L3S-CHLOR_A-MERGED-1M_MONTHLY_4km_GEO_PML_OCx-201012-fv5.0_5_reduced2_Average.hdf,2010,2010,335,365,5,1342,597,0.04782572,1.83114,0.3429907,0.1145364,0.329163
ESACCI-OC-L3S-CHLOR_A-MERGED-1M_MONTHLY_4km_GEO_PML_OCx-201101-fv5.0_5_reduced2_Average.hdf,2011,2011,1,31,5,1934,5,0.185655,0.7361178,0.3382457,0.0545755,0.3290591
ESACCI-OC-L3S-CHLOR_A-MERGED-1M_MONTHLY_4km_GEO_PML_OCx-201102-fv5.0_5_reduced2_Average.hdf,2011,2011,32,59,5,1899,40,0.1598533,0.7039687,0.322891,0.05449777,0.3242067
ESACCI-OC-L3S-CHLOR_A-MERGED-1M_MONTHLY_4km_GEO_PML_OCx-201103-fv5.0_5_reduced2_Average.hdf,2011,2011,60,90,5,1939,0,0.2252899,0.7008879,0.3936388,0.06969266,0.3923803
ESACCI-OC-L3S-CHLOR_A-MERGED-1M_MONTHLY_4km_GEO_PML_OCx-201104-fv5.0_5_reduced2_Average.hdf,2011,2011,91,120,5,1912,27,0.1105061,0.3504793,0.1944956,0.02770547,0.1908652
ESACCI-OC-L3S-CHLOR_A-MERGED-1M_MONTHLY_4km_GEO_PML_OCx-201105-fv5.0_5_reduced2_Average.hdf,2011,2011,121,151,5,1876,63,0.123932,1.884904,0.2877141,0.1444533,0.2554656
ESACCI-OC-L3S-CHLOR_A-MERGED-1M_MONTHLY_4km_GEO_PML_OCx-201106-fv5.0_5_reduced2_Average.hdf,2011,2011,152,181,5,1377,562,0.06736469,1.21309,0.2885696,0.1477883,0.2419742
ESACCI-OC-L3S-CHLOR_A-MERGED-1M_MONTHLY_4km_GEO_PML_OCx-201107-fv5.0_5_reduced2_Average.hdf,2011,2011,182,212,5,1939,0,0.05968909,0.4903598,0.1677144,0.07650248,0.1428824
ESACCI-OC-L3S-CHLOR_A-MERGED-1M_MONTHLY_4km_GEO_PML_OCx-201108-fv5.0_5_reduced2_Average.hdf,2011,2011,213,243,5,1939,0,0.07228529,0.1934418,0.1072131,0.02414212,0.0999433
ESACCI-OC-L3S-CHLOR_A-MERGED-1M_MONTHLY_4km_GEO_PML_OCx-201109-fv5.0_5_reduced2_Average.hdf,2011,2011,244,273,5,1865,74,0.07713541,0.5712073,0.1747769,0.07884701,0.1440937
ESACCI-OC-L3S-CHLOR_A-MERGED-1M_MONTHLY_4km_GEO_PML_OCx-201110-fv5.0_5_reduced2_Average.hdf,2011,2011,274,304,5,1939,0,0.1166902,0.5857269,0.2574138,0.1061775,0.2315359
ESACCI-OC-L3S-CHLOR_A-MERGED-1M_MONTHLY_4km_GEO_PML_OCx-201111-fv5.0_5_reduced2_Average.hdf,2011,2011,305,334,5,1920,19,0.0946004,1.175802,0.3215838,0.1395755,0.2787297
ESACCI-OC-L3S-CHLOR_A-MERGED-1M_MONTHLY_4km_GEO_PML_OCx-201112-fv5.0_5_reduced2_Average.hdf,2011,2011,335,365,5,1915,24,0.1704998,1.029883,0.3160144,0.07423022,0.2940553
ESACCI-OC-L3S-CHLOR_A-MERGED-1M_MONTHLY_4km_GEO_PML_OCx-201201-fv5.0_5_reduced2_Average.hdf,2012,2012,1,31,5,1934,5,0.1495652,0.5144608,0.3144949,0.042188,0.3106768
ESACCI-OC-L3S-CHLOR_A-MERGED-1M_MONTHLY_4km_GEO_PML_OCx-201202-fv5.0_5_reduced2_Average.hdf,2012,2012,32,60,5,1939,0,0.2066023,0.3840187,0.2862013,0.03356599,0.2859906
ESACCI-OC-L3S-CHLOR_A-MERGED-1M_MONTHLY_4km_GEO_PML_OCx-201203-fv5.0_5_reduced2_Average.hdf,2012,2012,61,91,5,1781,158,0.1777762,0.5209004,0.3298543,0.05376737,0.3229778
ESACCI-OC-L3S-CHLOR_A-MERGED-1M_MONTHLY_4km_GEO_PML_OCx-201204-fv5.0_5_reduced2_Average.hdf,2012,2012,92,121,5,1701,238,0.1134395,0.5003708,0.2646223,0.0654598,0.2566855
ESACCI-OC-L3S-CHLOR_A-MERGED-1M_MONTHLY_4km_GEO_PML_OCx-201205-fv5.0_5_reduced2_Average.hdf,2012,2012,122,152,5,1923,16,0.1618166,1.781481,0.4816442,0.2563153,0.4015253
ESACCI-OC-L3S-CHLOR_A-MERGED-1M_MONTHLY_4km_GEO_PML_OCx-201206-fv5.0_5_reduced2_Average.hdf,2012,2012,153,182,5,1654,285,0.05099605,1.498504,0.2542928,0.1381878,0.2135366
ESACCI-OC-L3S-CHLOR_A-MERGED-1M_MONTHLY_4km_GEO_PML_OCx-201207-fv5.0_5_reduced2_Average.hdf,2012,2012,183,213,5,1865,74,0.07538307,0.6727555,0.1582205,0.07033859,0.1303777
ESACCI-OC-L3S-CHLOR_A-MERGED-1M_MONTHLY_4km_GEO_PML_OCx-201208-fv5.0_5_reduced2_Average.hdf,2012,2012,214,244,5,1939,0,0.03763423,0.1914423,0.08352697,0.0281346,0.07236865
ESACCI-OC-L3S-CHLOR_A-MERGED-1M_MONTHLY_4km_GEO_PML_OCx-201209-fv5.0_5_reduced2_Average.hdf,2012,2012,245,274,5,1939,0,0.05463632,0.2118133,0.1017822,0.03189294,0.09286079
ESACCI-OC-L3S-CHLOR_A-MERGED-1M_MONTHLY_4km_GEO_PML_OCx-201210-fv5.0_5_reduced2_Average.hdf,2012,2012,275,305,5,1891,48,0.1138121,0.4385383,0.2782455,0.06124287,0.2798167
ESACCI-OC-L3S-CHLOR_A-MERGED-1M_MONTHLY_4km_GEO_PML_OCx-201211-fv5.0_5_reduced2_Average.hdf,2012,2012,306,335,5,1905,34,0.2001277,0.5026855,0.3235142,0.03519182,0.3222207
ESACCI-OC-L3S-CHLOR_A-MERGED-1M_MONTHLY_4km_GEO_PML_OCx-201212-fv5.0_5_reduced2_Average.hdf,2012,2012,336,366,5,1924,15,0.1428799,0.4197123,0.2718995,0.03578614,0.2686001
ESACCI-OC-L3S-CHLOR_A-MERGED-1M_MONTHLY_4km_GEO_PML_OCx-201301-fv5.0_5_reduced2_Average.hdf,2013,2013,1,31,5,1937,2,0.165515,0.3675061,0.2389101,0.02600024,0.2363427
ESACCI-OC-L3S-CHLOR_A-MERGED-1M_MONTHLY_4km_GEO_PML_OCx-201302-fv5.0_5_reduced2_Average.hdf,2013,2013,32,59,5,1939,0,0.1890716,0.5984031,0.3221906,0.05471795,0.3157475
ESACCI-OC-L3S-CHLOR_A-MERGED-1M_MONTHLY_4km_GEO_PML_OCx-201303-fv5.0_5_reduced2_Average.hdf,2013,2013,60,90,5,1896,43,0.1247818,0.8437779,0.2669239,0.04917909,0.2611907
ESACCI-OC-L3S-CHLOR_A-MERGED-1M_MONTHLY_4km_GEO_PML_OCx-201304-fv5.0_5_reduced2_Average.hdf,2013,2013,91,120,5,1935,4,0.1113466,0.3138335,0.1742565,0.02079062,0.1726557
ESACCI-OC-L3S-CHLOR_A-MERGED-1M_MONTHLY_4km_GEO_PML_OCx-201305-fv5.0_5_reduced2_Average.hdf,2013,2013,121,151,5,1919,20,0.06758948,0.8444514,0.2034405,0.06753829,0.195756
ESACCI-OC-L3S-CHLOR_A-MERGED-1M_MONTHLY_4km_GEO_PML_OCx-201306-fv5.0_5_reduced2_Average.hdf,2013,2013,152,181,5,1920,19,0.1030529,2.2503,0.5554268,0.3702503,0.4203601
ESACCI-OC-L3S-CHLOR_A-MERGED-1M_MONTHLY_4km_GEO_PML_OCx-201307-fv5.0_5_reduced2_Average.hdf,2013,2013,182,212,5,1937,2,0.07361152,1.232196,0.2508916,0.1474551,0.2026454
ESACCI-OC-L3S-CHLOR_A-MERGED-1M_MONTHLY_4km_GEO_PML_OCx-201308-fv5.0_5_reduced2_Average.hdf,2013,2013,213,243,5,1938,1,0.05177778,0.2761146,0.1136759,0.04093641,0.107916
ESACCI-OC-L3S-CHLOR_A-MERGED-1M_MONTHLY_4km_GEO_PML_OCx-201309-fv5.0_5_reduced2_Average.hdf,2013,2013,244,273,5,1939,0,0.07028342,0.6866795,0.1280888,0.0807807,0.09588154
ESACCI-OC-L3S-CHLOR_A-MERGED-1M_MONTHLY_4km_GEO_PML_OCx-201310-fv5.0_5_reduced2_Average.hdf,2013,2013,274,304,5,1917,22,0.08910593,0.6489097,0.2110481,0.1070622,0.161646
ESACCI-OC-L3S-CHLOR_A-MERGED-1M_MONTHLY_4km_GEO_PML_OCx-201311-fv5.0_5_reduced2_Average.hdf,2013,2013,305,334,5,1888,51,0.1374799,0.8779221,0.3499266,0.1330217,0.3225621
ESACCI-OC-L3S-CHLOR_A-MERGED-1M_MONTHLY_4km_GEO_PML_OCx-201312-fv5.0_5_reduced2_Average.hdf,2013,2013,335,365,5,1934,5,0.199284,0.4558057,0.3174739,0.0411806,0.3154563
ESACCI-OC-L3S-CHLOR_A-MERGED-1M_MONTHLY_4km_GEO_PML_OCx-201401-fv5.0_5_reduced2_Average.hdf,2014,2014,1,31,5,1796,143,0.05630539,0.5539069,0.2778008,0.05209917,0.2715123
ESACCI-OC-L3S-CHLOR_A-MERGED-1M_MONTHLY_4km_GEO_PML_OCx-201402-fv5.0_5_reduced2_Average.hdf,2014,2014,32,59,5,1875,64,0.1474201,0.4609551,0.2667258,0.03665211,0.2652488
ESACCI-OC-L3S-CHLOR_A-MERGED-1M_MONTHLY_4km_GEO_PML_OCx-201403-fv5.0_5_reduced2_Average.hdf,2014,2014,60,90,5,1752,187,0.1376411,0.4448673,0.2577877,0.04525397,0.2578182
ESACCI-OC-L3S-CHLOR_A-MERGED-1M_MONTHLY_4km_GEO_PML_OCx-201404-fv5.0_5_reduced2_Average.hdf,2014,2014,91,120,5,1915,24,0.08615158,0.8413554,0.3045872,0.08596259,0.3082726
ESACCI-OC-L3S-CHLOR_A-MERGED-1M_MONTHLY_4km_GEO_PML_OCx-201405-fv5.0_5_reduced2_Average.hdf,2014,2014,121,151,5,1902,37,0.07105583,1.217445,0.3102879,0.126602,0.2849425
ESACCI-OC-L3S-CHLOR_A-MERGED-1M_MONTHLY_4km_GEO_PML_OCx-201406-fv5.0_5_reduced2_Average.hdf,2014,2014,152,181,5,1374,565,0.09384757,3.622906,0.5288466,0.4544128,0.3389802
ESACCI-OC-L3S-CHLOR_A-MERGED-1M_MONTHLY_4km_GEO_PML_OCx-201407-fv5.0_5_reduced2_Average.hdf,2014,2014,182,212,5,1498,441,0.04746048,1.332194,0.1509553,0.1129965,0.1295704
ESACCI-OC-L3S-CHLOR_A-MERGED-1M_MONTHLY_4km_GEO_PML_OCx-201408-fv5.0_5_reduced2_Average.hdf,2014,2014,213,243,5,1933,6,0.06620969,0.1736943,0.107682,0.02009313,0.1089449
ESACCI-OC-L3S-CHLOR_A-MERGED-1M_MONTHLY_4km_GEO_PML_OCx-201409-fv5.0_5_reduced2_Average.hdf,2014,2014,244,273,5,1939,0,0.07762331,0.2387804,0.1216062,0.02253948,0.1170717
ESACCI-OC-L3S-CHLOR_A-MERGED-1M_MONTHLY_4km_GEO_PML_OCx-201410-fv5.0_5_reduced2_Average.hdf,2014,2014,274,304,5,1919,20,0.08714606,0.6755195,0.3065276,0.1117925,0.2975737
ESACCI-OC-L3S-CHLOR_A-MERGED-1M_MONTHLY_4km_GEO_PML_OCx-201411-fv5.0_5_reduced2_Average.hdf,2014,2014,305,334,5,1929,10,0.1834238,0.9952595,0.4021897,0.09020967,0.4039129
ESACCI-OC-L3S-CHLOR_A-MERGED-1M_MONTHLY_4km_GEO_PML_OCx-201412-fv5.0_5_reduced2_Average.hdf,2014,2014,335,365,5,1912,27,0.1671872,0.5922914,0.3152826,0.05256974,0.3155516
ESACCI-OC-L3S-CHLOR_A-MERGED-1M_MONTHLY_4km_GEO_PML_OCx-201501-fv5.0_5_reduced2_Average.hdf,2015,2015,1,31,5,1916,23,0.1734346,1.098905,0.2763838,0.0469932,0.2707944
ESACCI-OC-L3S-CHLOR_A-MERGED-1M_MONTHLY_4km_GEO_PML_OCx-201502-fv5.0_5_reduced2_Average.hdf,2015,2015,32,59,5,1828,111,0.1350537,0.4687203,0.2626342,0.03635977,0.2615956
ESACCI-OC-L3S-CHLOR_A-MERGED-1M_MONTHLY_4km_GEO_PML_OCx-201503-fv5.0_5_reduced2_Average.hdf,2015,2015,60,90,5,1937,2,0.1963213,0.4034821,0.2883785,0.0307872,0.2897028
ESACCI-OC-L3S-CHLOR_A-MERGED-1M_MONTHLY_4km_GEO_PML_OCx-201504-fv5.0_5_reduced2_Average.hdf,2015,2015,91,120,5,1897,42,0.09797795,1.123213,0.2843595,0.1430779,0.2425039
ESACCI-OC-L3S-CHLOR_A-MERGED-1M_MONTHLY_4km_GEO_PML_OCx-201505-fv5.0_5_reduced2_Average.hdf,2015,2015,121,151,5,1932,7,0.07045401,0.6004571,0.2185519,0.07187283,0.2012473
ESACCI-OC-L3S-CHLOR_A-MERGED-1M_MONTHLY_4km_GEO_PML_OCx-201506-fv5.0_5_reduced2_Average.hdf,2015,2015,152,181,5,1678,261,0.07756586,0.7081161,0.2320119,0.09364516,0.2058221
ESACCI-OC-L3S-CHLOR_A-MERGED-1M_MONTHLY_4km_GEO_PML_OCx-201507-fv5.0_5_reduced2_Average.hdf,2015,2015,182,212,5,1936,3,0.1219629,0.7305837,0.3286899,0.1207919,0.3123591
ESACCI-OC-L3S-CHLOR_A-MERGED-1M_MONTHLY_4km_GEO_PML_OCx-201508-fv5.0_5_reduced2_Average.hdf,2015,2015,213,243,5,1939,0,0.07958873,0.2524853,0.1464347,0.0320576,0.1484938
ESACCI-OC-L3S-CHLOR_A-MERGED-1M_MONTHLY_4km_GEO_PML_OCx-201509-fv5.0_5_reduced2_Average.hdf,2015,2015,244,273,5,1932,7,0.09878758,0.4797664,0.1753642,0.05517876,0.1536004
ESACCI-OC-L3S-CHLOR_A-MERGED-1M_MONTHLY_4km_GEO_PML_OCx-201510-fv5.0_5_reduced2_Average.hdf,2015,2015,274,304,5,1939,0,0.1256851,0.6513922,0.3100295,0.09942342,0.3117052
ESACCI-OC-L3S-CHLOR_A-MERGED-1M_MONTHLY_4km_GEO_PML_OCx-201511-fv5.0_5_reduced2_Average.hdf,2015,2015,305,334,5,1879,60,0.143364,0.7667214,0.3584717,0.099235,0.3705309
ESACCI-OC-L3S-CHLOR_A-MERGED-1M_MONTHLY_4km_GEO_PML_OCx-201512-fv5.0_5_reduced2_Average.hdf,2015,2015,335,365,5,1939,0,0.2357205,0.5080801,0.352463,0.0461597,0.358898
ESACCI-OC-L3S-CHLOR_A-MERGED-1M_MONTHLY_4km_GEO_PML_OCx-201601-fv5.0_5_reduced2_Average.hdf,2016,2016,1,31,5,1927,12,0.1751825,0.8495457,0.3067957,0.04172818,0.3032149
ESACCI-OC-L3S-CHLOR_A-MERGED-1M_MONTHLY_4km_GEO_PML_OCx-201602-fv5.0_5_reduced2_Average.hdf,2016,2016,32,60,5,1919,20,0.1579363,0.3962291,0.2817805,0.03311125,0.2852119
ESACCI-OC-L3S-CHLOR_A-MERGED-1M_MONTHLY_4km_GEO_PML_OCx-201603-fv5.0_5_reduced2_Average.hdf,2016,2016,61,91,5,1933,6,0.1798586,0.4424795,0.3038307,0.04183092,0.3058799
ESACCI-OC-L3S-CHLOR_A-MERGED-1M_MONTHLY_4km_GEO_PML_OCx-201604-fv5.0_5_reduced2_Average.hdf,2016,2016,92,121,5,1937,2,0.1417206,0.4755851,0.3058625,0.04685656,0.2994145
ESACCI-OC-L3S-CHLOR_A-MERGED-1M_MONTHLY_4km_GEO_PML_OCx-201605-fv5.0_5_reduced2_Average.hdf,2016,2016,122,152,5,1841,98,0.1319135,0.6370479,0.2543636,0.05359183,0.2458555
ESACCI-OC-L3S-CHLOR_A-MERGED-1M_MONTHLY_4km_GEO_PML_OCx-201606-fv5.0_5_reduced2_Average.hdf,2016,2016,153,182,5,1925,14,0.1389347,1.230828,0.4626935,0.2246698,0.4343477
ESACCI-OC-L3S-CHLOR_A-MERGED-1M_MONTHLY_4km_GEO_PML_OCx-201607-fv5.0_5_reduced2_Average.hdf,2016,2016,183,213,5,1939,0,0.08984451,0.358088,0.1827409,0.04865339,0.1708254
ESACCI-OC-L3S-CHLOR_A-MERGED-1M_MONTHLY_4km_GEO_PML_OCx-201608-fv5.0_5_reduced2_Average.hdf,2016,2016,214,244,5,1939,0,0.05770397,0.1733427,0.1148537,0.01735013,0.1169863
ESACCI-OC-L3S-CHLOR_A-MERGED-1M_MONTHLY_4km_GEO_PML_OCx-201609-fv5.0_5_reduced2_Average.hdf,2016,2016,245,274,5,1939,0,0.08132994,0.4175585,0.1697428,0.05725813,0.1618012
ESACCI-OC-L3S-CHLOR_A-MERGED-1M_MONTHLY_4km_GEO_PML_OCx-201610-fv5.0_5_reduced2_Average.hdf,2016,2016,275,305,5,1938,1,0.1055415,0.7958752,0.3354367,0.139894,0.3576373
ESACCI-OC-L3S-CHLOR_A-MERGED-1M_MONTHLY_4km_GEO_PML_OCx-201611-fv5.0_5_reduced2_Average.hdf,2016,2016,306,335,5,1875,64,0.1708745,1.171882,0.4378752,0.09559163,0.4279141
ESACCI-OC-L3S-CHLOR_A-MERGED-1M_MONTHLY_4km_GEO_PML_OCx-201612-fv5.0_5_reduced2_Average.hdf,2016,2016,336,366,5,1939,0,0.1996811,0.4782006,0.3471843,0.04503573,0.3473509
ESACCI-OC-L3S-CHLOR_A-MERGED-1M_MONTHLY_4km_GEO_PML_OCx-201701-fv5.0_5_reduced2_Average.hdf,2017,2017,1,31,5,1935,4,0.1483111,0.449503,0.3028924,0.04539831,0.3125694
ESACCI-OC-L3S-CHLOR_A-MERGED-1M_MONTHLY_4km_GEO_PML_OCx-201702-fv5.0_5_reduced2_Average.hdf,2017,2017,32,59,5,1939,0,0.2396533,0.5065008,0.36349,0.05223897,0.3612807
ESACCI-OC-L3S-CHLOR_A-MERGED-1M_MONTHLY_4km_GEO_PML_OCx-201703-fv5.0_5_reduced2_Average.hdf,2017,2017,60,90,5,1939,0,0.2426052,0.4861431,0.3526342,0.03858646,0.3496658
ESACCI-OC-L3S-CHLOR_A-MERGED-1M_MONTHLY_4km_GEO_PML_OCx-201704-fv5.0_5_reduced2_Average.hdf,2017,2017,91,120,5,1939,0,0.1024051,0.310488,0.1950818,0.03074846,0.1907375
ESACCI-OC-L3S-CHLOR_A-MERGED-1M_MONTHLY_4km_GEO_PML_OCx-201705-fv5.0_5_reduced2_Average.hdf,2017,2017,121,151,5,1930,9,0.07947983,0.3989049,0.1899584,0.03925076,0.1838636
ESACCI-OC-L3S-CHLOR_A-MERGED-1M_MONTHLY_4km_GEO_PML_OCx-201706-fv5.0_5_reduced2_Average.hdf,2017,2017,152,181,5,1808,131,0.1060883,2.25496,0.4683352,0.2339302,0.3855205
ESACCI-OC-L3S-CHLOR_A-MERGED-1M_MONTHLY_4km_GEO_PML_OCx-201707-fv5.0_5_reduced2_Average.hdf,2017,2017,182,212,5,1938,1,0.1236181,1.369597,0.3247718,0.1485751,0.2835743
ESACCI-OC-L3S-CHLOR_A-MERGED-1M_MONTHLY_4km_GEO_PML_OCx-201708-fv5.0_5_reduced2_Average.hdf,2017,2017,213,243,5,1939,0,0.06737898,0.2354543,0.1239241,0.0277881,0.1230504
ESACCI-OC-L3S-CHLOR_A-MERGED-1M_MONTHLY_4km_GEO_PML_OCx-201709-fv5.0_5_reduced2_Average.hdf,2017,2017,244,273,5,1939,0,0.07064542,0.3031246,0.1433338,0.05036385,0.1291273
ESACCI-OC-L3S-CHLOR_A-MERGED-1M_MONTHLY_4km_GEO_PML_OCx-201710-fv5.0_5_reduced2_Average.hdf,2017,2017,274,304,5,1939,0,0.09447862,0.4061709,0.1854668,0.0530106,0.1761209
ESACCI-OC-L3S-CHLOR_A-MERGED-1M_MONTHLY_4km_GEO_PML_OCx-201711-fv5.0_5_reduced2_Average.hdf,2017,2017,305,334,5,1939,0,0.1269708,0.6169044,0.2664196,0.07734507,0.2620519
ESACCI-OC-L3S-CHLOR_A-MERGED-1M_MONTHLY_4km_GEO_PML_OCx-201712-fv5.0_5_reduced2_Average.hdf,2017,2017,335,365,5,1934,5,0.1809377,0.6298674,0.3540059,0.0688297,0.3403916
ESACCI-OC-L3S-CHLOR_A-MERGED-1M_MONTHLY_4km_GEO_PML_OCx-201801-fv5.0_5_reduced2_Average.hdf,2018,2018,1,31,5,1939,0,0.2399253,0.7950073,0.3391925,0.04552054,0.3313272
ESACCI-OC-L3S-CHLOR_A-MERGED-1M_MONTHLY_4km_GEO_PML_OCx-201802-fv5.0_5_reduced2_Average.hdf,2018,2018,32,59,5,1939,0,0.2489774,0.513726,0.3852767,0.0467524,0.3831177
ESACCI-OC-L3S-CHLOR_A-MERGED-1M_MONTHLY_4km_GEO_PML_OCx-201803-fv5.0_5_reduced2_Average.hdf,2018,2018,60,90,5,1939,0,0.1743291,1.033789,0.4707514,0.1456751,0.4390102
ESACCI-OC-L3S-CHLOR_A-MERGED-1M_MONTHLY_4km_GEO_PML_OCx-201804-fv5.0_5_reduced2_Average.hdf,2018,2018,91,120,5,1939,0,0.1584433,0.7140457,0.3722154,0.1128442,0.3509119
ESACCI-OC-L3S-CHLOR_A-MERGED-1M_MONTHLY_4km_GEO_PML_OCx-201805-fv5.0_5_reduced2_Average.hdf,2018,2018,121,151,5,1936,3,0.1466521,2.268842,0.6546113,0.3482856,0.5970877
ESACCI-OC-L3S-CHLOR_A-MERGED-1M_MONTHLY_4km_GEO_PML_OCx-201806-fv5.0_5_reduced2_Average.hdf,2018,2018,152,181,5,1849,90,0.03664027,1.787496,0.4884138,0.3328701,0.3960128
ESACCI-OC-L3S-CHLOR_A-MERGED-1M_MONTHLY_4km_GEO_PML_OCx-201807-fv5.0_5_reduced2_Average.hdf,2018,2018,182,212,5,1939,0,0.03809814,1.020405,0.1728004,0.1450976,0.1203926
ESACCI-OC-L3S-CHLOR_A-MERGED-1M_MONTHLY_4km_GEO_PML_OCx-201808-fv5.0_5_reduced2_Average.hdf,2018,2018,213,243,5,1939,0,0.03983799,0.1850434,0.08777614,0.02960832,0.07731993
ESACCI-OC-L3S-CHLOR_A-MERGED-1M_MONTHLY_4km_GEO_PML_OCx-201809-fv5.0_5_reduced2_Average.hdf,2018,2018,244,273,5,1939,0,0.05014563,0.1600445,0.07835579,0.01473394,0.07452512
ESACCI-OC-L3S-CHLOR_A-MERGED-1M_MONTHLY_4km_GEO_PML_OCx-201810-fv5.0_5_reduced2_Average.hdf,2018,2018,274,304,5,1939,0,0.07533635,0.4858332,0.1617341,0.0716418,0.1328651
ESACCI-OC-L3S-CHLOR_A-MERGED-1M_MONTHLY_4km_GEO_PML_OCx-201811-fv5.0_5_reduced2_Average.hdf,2018,2018,305,334,5,1939,0,0.1427458,0.74427,0.3175766,0.1028645,0.2908344
ESACCI-OC-L3S-CHLOR_A-MERGED-1M_MONTHLY_4km_GEO_PML_OCx-201812-fv5.0_5_reduced2_Average.hdf,2018,2018,335,365,5,1937,2,0.1406442,0.4346535,0.2887021,0.04766463,0.2918315
ESACCI-OC-L3S-CHLOR_A-MERGED-1M_MONTHLY_4km_GEO_PML_OCx-201901-fv5.0_5_reduced2_Average.hdf,2019,2019,1,31,5,1939,0,0.2129968,0.7144437,0.2818664,0.03437047,0.2758607
ESACCI-OC-L3S-CHLOR_A-MERGED-1M_MONTHLY_4km_GEO_PML_OCx-201902-fv5.0_5_reduced2_Average.hdf,2019,2019,32,59,5,1939,0,0.2436955,0.4867988,0.3218273,0.04078216,0.3147035
ESACCI-OC-L3S-CHLOR_A-MERGED-1M_MONTHLY_4km_GEO_PML_OCx-201903-fv5.0_5_reduced2_Average.hdf,2019,2019,60,90,5,1939,0,0.1859863,0.4190823,0.2929629,0.0502142,0.2952563
ESACCI-OC-L3S-CHLOR_A-MERGED-1M_MONTHLY_4km_GEO_PML_OCx-201904-fv5.0_5_reduced2_Average.hdf,2019,2019,91,120,5,1939,0,0.1800264,0.6805282,0.2904145,0.05713411,0.2834371
ESACCI-OC-L3S-CHLOR_A-MERGED-1M_MONTHLY_4km_GEO_PML_OCx-201905-fv5.0_5_reduced2_Average.hdf,2019,2019,121,151,5,1939,0,0.1095551,0.625712,0.3219628,0.1048119,0.3299629
ESACCI-OC-L3S-CHLOR_A-MERGED-1M_MONTHLY_4km_GEO_PML_OCx-201906-fv5.0_5_reduced2_Average.hdf,2019,2019,152,181,5,960,979,0.09005998,1.792455,0.5069291,0.2816713,0.4093835
ESACCI-OC-L3S-CHLOR_A-MERGED-1M_MONTHLY_4km_GEO_PML_OCx-201907-fv5.0_5_reduced2_Average.hdf,2019,2019,182,212,5,1882,57,0.08192185,0.7710918,0.2086926,0.07483925,0.1955572
ESACCI-OC-L3S-CHLOR_A-MERGED-1M_MONTHLY_4km_GEO_PML_OCx-201908-fv5.0_5_reduced2_Average.hdf,2019,2019,213,243,5,1939,0,0.08404693,0.9037572,0.2040707,0.09964767,0.1745649
ESACCI-OC-L3S-CHLOR_A-MERGED-1M_MONTHLY_4km_GEO_PML_OCx-201909-fv5.0_5_reduced2_Average.hdf,2019,2019,244,273,5,1939,0,0.08097566,0.6163803,0.176468,0.09149478,0.1390463
ESACCI-OC-L3S-CHLOR_A-MERGED-1M_MONTHLY_4km_GEO_PML_OCx-201910-fv5.0_5_reduced2_Average.hdf,2019,2019,274,304,5,1865,74,0.1232587,0.6964391,0.2744707,0.09510342,0.2514496
ESACCI-OC-L3S-CHLOR_A-MERGED-1M_MONTHLY_4km_GEO_PML_OCx-201911-fv5.0_5_reduced2_Average.hdf,2019,2019,305,334,5,1938,1,0.2087734,0.8614331,0.3833144,0.06556326,0.3914334
ESACCI-OC-L3S-CHLOR_A-MERGED-1M_MONTHLY_4km_GEO_PML_OCx-201912-fv5.0_5_reduced2_Average.hdf,2019,2019,335,365,5,1939,0,0.2173312,0.6788226,0.3755032,0.06473408,0.3605503
ESACCI-OC-L3S-CHLOR_A-MERGED-1M_MONTHLY_4km_GEO_PML_OCx-202001-fv5.0_5_reduced2_Average.hdf,2020,2020,1,31,5,1938,1,0.1803533,0.6632738,0.3094074,0.04448968,0.3070712
ESACCI-OC-L3S-CHLOR_A-MERGED-1M_MONTHLY_4km_GEO_PML_OCx-202002-fv5.0_5_reduced2_Average.hdf,2020,2020,32,60,5,1939,0,0.2496931,0.4553485,0.3360868,0.03483614,0.3345428
ESACCI-OC-L3S-CHLOR_A-MERGED-1M_MONTHLY_4km_GEO_PML_OCx-202003-fv5.0_5_reduced2_Average.hdf,2020,2020,61,91,5,1939,0,0.1624443,0.8352199,0.3951782,0.09589004,0.3996707
ESACCI-OC-L3S-CHLOR_A-MERGED-1M_MONTHLY_4km_GEO_PML_OCx-202004-fv5.0_5_reduced2_Average.hdf,2020,2020,92,121,5,1932,7,0.08639386,0.4117617,0.2033988,0.04341261,0.1964708
ESACCI-OC-L3S-CHLOR_A-MERGED-1M_MONTHLY_4km_GEO_PML_OCx-202005-fv5.0_5_reduced2_Average.hdf,2020,2020,122,152,5,1939,0,0.1065238,0.3624165,0.1970408,0.03621637,0.1924268
ESACCI-OC-L3S-CHLOR_A-MERGED-1M_MONTHLY_4km_GEO_PML_OCx-202006-fv5.0_5_reduced2_Average.hdf,2020,2020,153,182,5,1709,230,0.09644039,1.290188,0.336995,0.137294,0.310541
ESACCI-OC-L3S-CHLOR_A-MERGED-1M_MONTHLY_4km_GEO_PML_OCx-202007-fv5.0_5_reduced2_Average.hdf,2020,2020,183,213,5,1791,148,0.08770648,0.7385169,0.220452,0.09863977,0.1876784
ESACCI-OC-L3S-CHLOR_A-MERGED-1M_MONTHLY_4km_GEO_PML_OCx-202008-fv5.0_5_reduced2_Average.hdf,2020,2020,214,244,5,1939,0,0.06831278,0.2555909,0.1340826,0.03326352,0.128734
ESACCI-OC-L3S-CHLOR_A-MERGED-1M_MONTHLY_4km_GEO_PML_OCx-202009-fv5.0_5_reduced2_Average.hdf,2020,2020,245,274,5,1939,0,0.09844118,0.3021514,0.1595526,0.03450809,0.1578498
ESACCI-OC-L3S-CHLOR_A-MERGED-1M_MONTHLY_4km_GEO_PML_OCx-202010-fv5.0_5_reduced2_Average.hdf,2020,2020,275,305,5,1939,0,0.1422539,0.6294628,0.3445169,0.08481146,0.3529449
ESACCI-OC-L3S-CHLOR_A-MERGED-1M_MONTHLY_4km_GEO_PML_OCx-202011-fv5.0_5_reduced2_Average.hdf,2020,2020,306,335,5,1930,9,0.1830714,0.6997964,0.3421755,0.07287146,0.329502
ESACCI-OC-L3S-CHLOR_A-MERGED-1M_MONTHLY_4km_GEO_PML_OCx-202012-fv5.0_5_reduced2_Average.hdf,2020,2020,336,366,5,1939,0,0.1819621,1.694822,0.347443,0.05667818,0.3420982
ESACCI-OC-L3S-CHLOR_A-MERGED-1M_MONTHLY_4km_GEO_PML_OCx-202101-fv5.0_5_reduced2_Average.hdf,2021,2021,1,31,5,1939,0,0.1859725,0.4077362,0.2678111,0.02895658,0.266363
ESACCI-OC-L3S-CHLOR_A-MERGED-1M_MONTHLY_4km_GEO_PML_OCx-202102-fv5.0_5_reduced2_Average.hdf,2021,2021,32,59,5,1939,0,0.2292798,0.6616127,0.3367955,0.057413,0.3277194
ESACCI-OC-L3S-CHLOR_A-MERGED-1M_MONTHLY_4km_GEO_PML_OCx-202103-fv5.0_5_reduced2_Average.hdf,2021,2021,60,90,5,1909,30,0.1576726,0.5332031,0.3226203,0.06750461,0.3157829
ESACCI-OC-L3S-CHLOR_A-MERGED-1M_MONTHLY_4km_GEO_PML_OCx-202104-fv5.0_5_reduced2_Average.hdf,2021,2021,91,120,5,1903,36,0.0877879,0.7589948,0.2832492,0.07414283,0.2706653
ESACCI-OC-L3S-CHLOR_A-MERGED-1M_MONTHLY_4km_GEO_PML_OCx-202105-fv5.0_5_reduced2_Average.hdf,2021,2021,121,151,5,1917,22,0.1417882,1.940787,0.5327696,0.2687727,0.4658162
ESACCI-OC-L3S-CHLOR_A-MERGED-1M_MONTHLY_4km_GEO_PML_OCx-202106-fv5.0_5_reduced2_Average.hdf,2021,2021,152,181,5,1932,7,0.2009062,2.411692,0.7416269,0.3928863,0.5916839
ESACCI-OC-L3S-CHLOR_A-MERGED-1M_MONTHLY_4km_GEO_PML_OCx-202107-fv5.0_5_reduced2_Average.hdf,2021,2021,182,212,5,1939,0,0.1361122,0.4985214,0.2397518,0.05131201,0.2253659
ESACCI-OC-L3S-CHLOR_A-MERGED-1M_MONTHLY_4km_GEO_PML_OCx-202108-fv5.0_5_reduced2_Average.hdf,2021,2021,213,243,5,1889,50,0.07715472,0.4154147,0.1935965,0.05745428,0.1842676
ESACCI-OC-L3S-CHLOR_A-MERGED-1M_MONTHLY_4km_GEO_PML_OCx-202109-fv5.0_5_reduced2_Average.hdf,2021,2021,244,273,5,1939,0,0.06978934,0.351838,0.1653933,0.06528973,0.154498
ESACCI-OC-L3S-CHLOR_A-MERGED-1M_MONTHLY_4km_GEO_PML_OCx-202110-fv5.0_5_reduced2_Average.hdf,2021,2021,274,304,5,1939,0,0.0631884,0.4308583,0.1677093,0.06703757,0.163707
ESACCI-OC-L3S-CHLOR_A-MERGED-1M_MONTHLY_4km_GEO_PML_OCx-202111-fv5.0_5_reduced2_Average.hdf,2021,2021,305,334,5,1933,6,0.1320979,0.4839959,0.3286797,0.05474719,0.3349688
ESACCI-OC-L3S-CHLOR_A-MERGED-1M_MONTHLY_4km_GEO_PML_OCx-202112-fv5.0_5_reduced2_Average.hdf,2021,2021,335,365,5,1908,31,0.1385101,1.167709,0.3879621,0.1142073,0.3771876
