Image,SYear,EYear,SDay,EDay,Mask,Nin,Nout,Min,Max,Mean,StDev,Median
ESACCI-OC-L3S-CHLOR_A-MERGED-1M_MONTHLY_4km_GEO_PML_OCx-201001-fv5.0_5_reduced2_Average.hdf,2010,2010,1,31,38,1884,1,0.1027442,0.3150632,0.1802305,0.03997094,0.1787512
ESACCI-OC-L3S-CHLOR_A-MERGED-1M_MONTHLY_4km_GEO_PML_OCx-201002-fv5.0_5_reduced2_Average.hdf,2010,2010,32,59,38,1885,0,0.1121516,0.3099753,0.1843291,0.03732189,0.1828542
ESACCI-OC-L3S-CHLOR_A-MERGED-1M_MONTHLY_4km_GEO_PML_OCx-201003-fv5.0_5_reduced2_Average.hdf,2010,2010,60,90,38,1884,1,0.0795881,0.2858634,0.1475637,0.02651098,0.1451012
ESACCI-OC-L3S-CHLOR_A-MERGED-1M_MONTHLY_4km_GEO_PML_OCx-201004-fv5.0_5_reduced2_Average.hdf,2010,2010,91,120,38,1885,0,0.06878965,0.2270868,0.1189682,0.02456131,0.1136785
ESACCI-OC-L3S-CHLOR_A-MERGED-1M_MONTHLY_4km_GEO_PML_OCx-201005-fv5.0_5_reduced2_Average.hdf,2010,2010,121,151,38,1885,0,0.06250025,0.2397146,0.08789228,0.02482705,0.07937209
ESACCI-OC-L3S-CHLOR_A-MERGED-1M_MONTHLY_4km_GEO_PML_OCx-201006-fv5.0_5_reduced2_Average.hdf,2010,2010,152,181,38,1885,0,0.06505965,0.2063989,0.1004978,0.02429335,0.09353321
ESACCI-OC-L3S-CHLOR_A-MERGED-1M_MONTHLY_4km_GEO_PML_OCx-201007-fv5.0_5_reduced2_Average.hdf,2010,2010,182,212,38,1850,35,0.06776051,0.1931062,0.1097271,0.02645778,0.1022986
ESACCI-OC-L3S-CHLOR_A-MERGED-1M_MONTHLY_4km_GEO_PML_OCx-201008-fv5.0_5_reduced2_Average.hdf,2010,2010,213,243,38,1885,0,0.0659839,0.1520644,0.100255,0.01782962,0.1011657
ESACCI-OC-L3S-CHLOR_A-MERGED-1M_MONTHLY_4km_GEO_PML_OCx-201009-fv5.0_5_reduced2_Average.hdf,2010,2010,244,273,38,1885,0,0.06548744,0.1380789,0.09593761,0.01522564,0.09719706
ESACCI-OC-L3S-CHLOR_A-MERGED-1M_MONTHLY_4km_GEO_PML_OCx-201010-fv5.0_5_reduced2_Average.hdf,2010,2010,274,304,38,1885,0,0.06585374,0.1392048,0.09815,0.0141508,0.09816136
ESACCI-OC-L3S-CHLOR_A-MERGED-1M_MONTHLY_4km_GEO_PML_OCx-201011-fv5.0_5_reduced2_Average.hdf,2010,2010,305,334,38,1885,0,0.07757663,0.1835203,0.1147865,0.01035949,0.114423
ESACCI-OC-L3S-CHLOR_A-MERGED-1M_MONTHLY_4km_GEO_PML_OCx-201012-fv5.0_5_reduced2_Average.hdf,2010,2010,335,365,38,1877,8,0.09042103,0.4298139,0.146108,0.02649001,0.141961
ESACCI-OC-L3S-CHLOR_A-MERGED-1M_MONTHLY_4km_GEO_PML_OCx-201101-fv5.0_5_reduced2_Average.hdf,2011,2011,1,31,38,1885,0,0.09287492,0.2362923,0.1279841,0.01845916,0.125968
ESACCI-OC-L3S-CHLOR_A-MERGED-1M_MONTHLY_4km_GEO_PML_OCx-201102-fv5.0_5_reduced2_Average.hdf,2011,2011,32,59,38,1885,0,0.08416016,0.2144568,0.1227782,0.01971752,0.1192633
ESACCI-OC-L3S-CHLOR_A-MERGED-1M_MONTHLY_4km_GEO_PML_OCx-201103-fv5.0_5_reduced2_Average.hdf,2011,2011,60,90,38,1885,0,0.08647913,0.4553918,0.1295469,0.04379016,0.1147987
ESACCI-OC-L3S-CHLOR_A-MERGED-1M_MONTHLY_4km_GEO_PML_OCx-201104-fv5.0_5_reduced2_Average.hdf,2011,2011,91,120,38,1885,0,0.05967285,0.3495484,0.1220826,0.05820715,0.100016
ESACCI-OC-L3S-CHLOR_A-MERGED-1M_MONTHLY_4km_GEO_PML_OCx-201105-fv5.0_5_reduced2_Average.hdf,2011,2011,121,151,38,1885,0,0.05029301,0.1913215,0.09288219,0.03082168,0.07989429
ESACCI-OC-L3S-CHLOR_A-MERGED-1M_MONTHLY_4km_GEO_PML_OCx-201106-fv5.0_5_reduced2_Average.hdf,2011,2011,152,181,38,1856,29,0.06891977,0.2189638,0.1046786,0.01778875,0.1025639
ESACCI-OC-L3S-CHLOR_A-MERGED-1M_MONTHLY_4km_GEO_PML_OCx-201107-fv5.0_5_reduced2_Average.hdf,2011,2011,182,212,38,1809,76,0.06900012,0.1331355,0.09503148,0.01038642,0.09508966
ESACCI-OC-L3S-CHLOR_A-MERGED-1M_MONTHLY_4km_GEO_PML_OCx-201108-fv5.0_5_reduced2_Average.hdf,2011,2011,213,243,38,1884,1,0.0655343,0.1337708,0.08739767,0.006207216,0.08811006
ESACCI-OC-L3S-CHLOR_A-MERGED-1M_MONTHLY_4km_GEO_PML_OCx-201109-fv5.0_5_reduced2_Average.hdf,2011,2011,244,273,38,1885,0,0.07311548,0.200363,0.08823483,0.01221112,0.08620016
ESACCI-OC-L3S-CHLOR_A-MERGED-1M_MONTHLY_4km_GEO_PML_OCx-201110-fv5.0_5_reduced2_Average.hdf,2011,2011,274,304,38,1885,0,0.06686032,0.2981304,0.0942852,0.03498802,0.08168288
ESACCI-OC-L3S-CHLOR_A-MERGED-1M_MONTHLY_4km_GEO_PML_OCx-201111-fv5.0_5_reduced2_Average.hdf,2011,2011,305,334,38,1857,28,0.07313101,0.4765298,0.1346013,0.06424519,0.1112771
ESACCI-OC-L3S-CHLOR_A-MERGED-1M_MONTHLY_4km_GEO_PML_OCx-201112-fv5.0_5_reduced2_Average.hdf,2011,2011,335,365,38,1885,0,0.09175552,0.3264875,0.1470655,0.05012375,0.129018
ESACCI-OC-L3S-CHLOR_A-MERGED-1M_MONTHLY_4km_GEO_PML_OCx-201201-fv5.0_5_reduced2_Average.hdf,2012,2012,1,31,38,1885,0,0.08174411,0.4158417,0.1450063,0.05001879,0.1323872
ESACCI-OC-L3S-CHLOR_A-MERGED-1M_MONTHLY_4km_GEO_PML_OCx-201202-fv5.0_5_reduced2_Average.hdf,2012,2012,32,60,38,1885,0,0.06941129,0.242478,0.122703,0.03274959,0.1242311
ESACCI-OC-L3S-CHLOR_A-MERGED-1M_MONTHLY_4km_GEO_PML_OCx-201203-fv5.0_5_reduced2_Average.hdf,2012,2012,61,91,38,1885,0,0.05475738,0.2651891,0.1233555,0.03232424,0.1204676
ESACCI-OC-L3S-CHLOR_A-MERGED-1M_MONTHLY_4km_GEO_PML_OCx-201204-fv5.0_5_reduced2_Average.hdf,2012,2012,92,121,38,1885,0,0.04821462,0.19908,0.09984432,0.02253086,0.09555838
ESACCI-OC-L3S-CHLOR_A-MERGED-1M_MONTHLY_4km_GEO_PML_OCx-201205-fv5.0_5_reduced2_Average.hdf,2012,2012,122,152,38,1885,0,0.04744237,0.1043325,0.06486475,0.01068364,0.06217322
ESACCI-OC-L3S-CHLOR_A-MERGED-1M_MONTHLY_4km_GEO_PML_OCx-201206-fv5.0_5_reduced2_Average.hdf,2012,2012,153,182,38,1885,0,0.04647579,0.09595299,0.06331205,0.005293722,0.06320189
ESACCI-OC-L3S-CHLOR_A-MERGED-1M_MONTHLY_4km_GEO_PML_OCx-201207-fv5.0_5_reduced2_Average.hdf,2012,2012,183,213,38,1819,66,0.04958889,0.1584517,0.0784331,0.01068941,0.07740772
ESACCI-OC-L3S-CHLOR_A-MERGED-1M_MONTHLY_4km_GEO_PML_OCx-201208-fv5.0_5_reduced2_Average.hdf,2012,2012,214,244,38,1885,0,0.05586056,0.09634271,0.07182451,0.006330562,0.07203376
ESACCI-OC-L3S-CHLOR_A-MERGED-1M_MONTHLY_4km_GEO_PML_OCx-201209-fv5.0_5_reduced2_Average.hdf,2012,2012,245,274,38,1885,0,0.05460365,0.09573505,0.07404235,0.006452349,0.07446507
ESACCI-OC-L3S-CHLOR_A-MERGED-1M_MONTHLY_4km_GEO_PML_OCx-201210-fv5.0_5_reduced2_Average.hdf,2012,2012,275,305,38,1885,0,0.06239804,0.283841,0.08683121,0.02362497,0.08027265
ESACCI-OC-L3S-CHLOR_A-MERGED-1M_MONTHLY_4km_GEO_PML_OCx-201211-fv5.0_5_reduced2_Average.hdf,2012,2012,306,335,38,1885,0,0.08111028,0.2414113,0.104265,0.02164038,0.09771448
ESACCI-OC-L3S-CHLOR_A-MERGED-1M_MONTHLY_4km_GEO_PML_OCx-201212-fv5.0_5_reduced2_Average.hdf,2012,2012,336,366,38,1767,118,0.06968408,0.4667535,0.140116,0.04890504,0.1249053
ESACCI-OC-L3S-CHLOR_A-MERGED-1M_MONTHLY_4km_GEO_PML_OCx-201301-fv5.0_5_reduced2_Average.hdf,2013,2013,1,31,38,1855,30,0.08540615,0.4251538,0.1575655,0.06575351,0.1332096
ESACCI-OC-L3S-CHLOR_A-MERGED-1M_MONTHLY_4km_GEO_PML_OCx-201302-fv5.0_5_reduced2_Average.hdf,2013,2013,32,59,38,1885,0,0.09102651,0.4381773,0.1814209,0.09420895,0.1349331
ESACCI-OC-L3S-CHLOR_A-MERGED-1M_MONTHLY_4km_GEO_PML_OCx-201303-fv5.0_5_reduced2_Average.hdf,2013,2013,60,90,38,1885,0,0.05741334,0.5803235,0.1529984,0.07726582,0.1305157
ESACCI-OC-L3S-CHLOR_A-MERGED-1M_MONTHLY_4km_GEO_PML_OCx-201304-fv5.0_5_reduced2_Average.hdf,2013,2013,91,120,38,1885,0,0.04182146,0.2874449,0.1000177,0.04125962,0.09758292
ESACCI-OC-L3S-CHLOR_A-MERGED-1M_MONTHLY_4km_GEO_PML_OCx-201305-fv5.0_5_reduced2_Average.hdf,2013,2013,121,151,38,1885,0,0.05991255,0.2138226,0.09210972,0.02771403,0.08170304
ESACCI-OC-L3S-CHLOR_A-MERGED-1M_MONTHLY_4km_GEO_PML_OCx-201306-fv5.0_5_reduced2_Average.hdf,2013,2013,152,181,38,1885,0,0.06211481,0.1518145,0.09252846,0.01951643,0.08687124
ESACCI-OC-L3S-CHLOR_A-MERGED-1M_MONTHLY_4km_GEO_PML_OCx-201307-fv5.0_5_reduced2_Average.hdf,2013,2013,182,212,38,1885,0,0.06139315,0.1076857,0.07977784,0.008971181,0.07844228
ESACCI-OC-L3S-CHLOR_A-MERGED-1M_MONTHLY_4km_GEO_PML_OCx-201308-fv5.0_5_reduced2_Average.hdf,2013,2013,213,243,38,1885,0,0.05839068,0.1342774,0.07342145,0.0100665,0.07103196
ESACCI-OC-L3S-CHLOR_A-MERGED-1M_MONTHLY_4km_GEO_PML_OCx-201309-fv5.0_5_reduced2_Average.hdf,2013,2013,244,273,38,1885,0,0.0548112,0.1056187,0.07209501,0.01000651,0.06882889
ESACCI-OC-L3S-CHLOR_A-MERGED-1M_MONTHLY_4km_GEO_PML_OCx-201310-fv5.0_5_reduced2_Average.hdf,2013,2013,274,304,38,1884,1,0.07292587,0.2390381,0.1032388,0.0173296,0.09990919
ESACCI-OC-L3S-CHLOR_A-MERGED-1M_MONTHLY_4km_GEO_PML_OCx-201311-fv5.0_5_reduced2_Average.hdf,2013,2013,305,334,38,1885,0,0.09282191,0.3229152,0.1342839,0.03664183,0.1206428
ESACCI-OC-L3S-CHLOR_A-MERGED-1M_MONTHLY_4km_GEO_PML_OCx-201312-fv5.0_5_reduced2_Average.hdf,2013,2013,335,365,38,1574,311,0.0646228,0.4621181,0.1707642,0.06684811,0.138236
ESACCI-OC-L3S-CHLOR_A-MERGED-1M_MONTHLY_4km_GEO_PML_OCx-201401-fv5.0_5_reduced2_Average.hdf,2014,2014,1,31,38,1885,0,0.08353906,0.408809,0.1552655,0.05017545,0.1473353
ESACCI-OC-L3S-CHLOR_A-MERGED-1M_MONTHLY_4km_GEO_PML_OCx-201402-fv5.0_5_reduced2_Average.hdf,2014,2014,32,59,38,1885,0,0.06109498,0.4713231,0.1267998,0.03821249,0.1230004
ESACCI-OC-L3S-CHLOR_A-MERGED-1M_MONTHLY_4km_GEO_PML_OCx-201403-fv5.0_5_reduced2_Average.hdf,2014,2014,60,90,38,1885,0,0.0559765,0.6168051,0.1206352,0.06456151,0.1080729
ESACCI-OC-L3S-CHLOR_A-MERGED-1M_MONTHLY_4km_GEO_PML_OCx-201404-fv5.0_5_reduced2_Average.hdf,2014,2014,91,120,38,1885,0,0.05056259,0.3265445,0.09700949,0.04698576,0.08280373
ESACCI-OC-L3S-CHLOR_A-MERGED-1M_MONTHLY_4km_GEO_PML_OCx-201405-fv5.0_5_reduced2_Average.hdf,2014,2014,121,151,38,1885,0,0.04433054,0.1696691,0.07150114,0.02613987,0.06036029
ESACCI-OC-L3S-CHLOR_A-MERGED-1M_MONTHLY_4km_GEO_PML_OCx-201406-fv5.0_5_reduced2_Average.hdf,2014,2014,152,181,38,1851,34,0.0485498,0.1721252,0.07941326,0.0231397,0.06978948
ESACCI-OC-L3S-CHLOR_A-MERGED-1M_MONTHLY_4km_GEO_PML_OCx-201407-fv5.0_5_reduced2_Average.hdf,2014,2014,182,212,38,1867,18,0.04473053,0.1221512,0.0745049,0.01289496,0.07396755
ESACCI-OC-L3S-CHLOR_A-MERGED-1M_MONTHLY_4km_GEO_PML_OCx-201408-fv5.0_5_reduced2_Average.hdf,2014,2014,213,243,38,1885,0,0.05491683,0.1127268,0.07538521,0.01187722,0.0752638
ESACCI-OC-L3S-CHLOR_A-MERGED-1M_MONTHLY_4km_GEO_PML_OCx-201409-fv5.0_5_reduced2_Average.hdf,2014,2014,244,273,38,1885,0,0.06437279,0.1177492,0.0828339,0.01052303,0.07971206
ESACCI-OC-L3S-CHLOR_A-MERGED-1M_MONTHLY_4km_GEO_PML_OCx-201410-fv5.0_5_reduced2_Average.hdf,2014,2014,274,304,38,1885,0,0.06636493,0.1296448,0.08674204,0.01121909,0.08809654
ESACCI-OC-L3S-CHLOR_A-MERGED-1M_MONTHLY_4km_GEO_PML_OCx-201411-fv5.0_5_reduced2_Average.hdf,2014,2014,305,334,38,1885,0,0.0779299,0.1805242,0.1062151,0.01846121,0.1059313
ESACCI-OC-L3S-CHLOR_A-MERGED-1M_MONTHLY_4km_GEO_PML_OCx-201412-fv5.0_5_reduced2_Average.hdf,2014,2014,335,365,38,1879,6,0.069435,0.2609711,0.1202106,0.02640077,0.1156262
ESACCI-OC-L3S-CHLOR_A-MERGED-1M_MONTHLY_4km_GEO_PML_OCx-201501-fv5.0_5_reduced2_Average.hdf,2015,2015,1,31,38,1883,2,0.07842934,0.2813118,0.1135062,0.02564431,0.1054963
ESACCI-OC-L3S-CHLOR_A-MERGED-1M_MONTHLY_4km_GEO_PML_OCx-201502-fv5.0_5_reduced2_Average.hdf,2015,2015,32,59,38,1885,0,0.06323634,0.1517095,0.09248231,0.01622412,0.08772472
ESACCI-OC-L3S-CHLOR_A-MERGED-1M_MONTHLY_4km_GEO_PML_OCx-201503-fv5.0_5_reduced2_Average.hdf,2015,2015,60,90,38,1885,0,0.04609897,0.1281813,0.0718075,0.01182069,0.06912091
ESACCI-OC-L3S-CHLOR_A-MERGED-1M_MONTHLY_4km_GEO_PML_OCx-201504-fv5.0_5_reduced2_Average.hdf,2015,2015,91,120,38,1884,1,0.03910379,0.1237204,0.06124431,0.01160164,0.05864344
ESACCI-OC-L3S-CHLOR_A-MERGED-1M_MONTHLY_4km_GEO_PML_OCx-201505-fv5.0_5_reduced2_Average.hdf,2015,2015,121,151,38,1884,1,0.04419929,0.1709794,0.06591997,0.01880715,0.05930153
ESACCI-OC-L3S-CHLOR_A-MERGED-1M_MONTHLY_4km_GEO_PML_OCx-201506-fv5.0_5_reduced2_Average.hdf,2015,2015,152,181,38,1885,0,0.05381922,0.1120579,0.06933712,0.01184342,0.06477921
ESACCI-OC-L3S-CHLOR_A-MERGED-1M_MONTHLY_4km_GEO_PML_OCx-201507-fv5.0_5_reduced2_Average.hdf,2015,2015,182,212,38,1885,0,0.0600499,0.1102353,0.07794319,0.00714458,0.07647063
ESACCI-OC-L3S-CHLOR_A-MERGED-1M_MONTHLY_4km_GEO_PML_OCx-201508-fv5.0_5_reduced2_Average.hdf,2015,2015,213,243,38,1885,0,0.06145932,0.1596086,0.07931531,0.01273313,0.07640196
ESACCI-OC-L3S-CHLOR_A-MERGED-1M_MONTHLY_4km_GEO_PML_OCx-201509-fv5.0_5_reduced2_Average.hdf,2015,2015,244,273,38,1885,0,0.06343972,0.1496665,0.08500915,0.01351964,0.08024034
ESACCI-OC-L3S-CHLOR_A-MERGED-1M_MONTHLY_4km_GEO_PML_OCx-201510-fv5.0_5_reduced2_Average.hdf,2015,2015,274,304,38,1885,0,0.06589145,0.1461011,0.09030876,0.01534552,0.08747769
ESACCI-OC-L3S-CHLOR_A-MERGED-1M_MONTHLY_4km_GEO_PML_OCx-201511-fv5.0_5_reduced2_Average.hdf,2015,2015,305,334,38,1885,0,0.0807177,0.1575986,0.1115518,0.01713904,0.1120972
ESACCI-OC-L3S-CHLOR_A-MERGED-1M_MONTHLY_4km_GEO_PML_OCx-201512-fv5.0_5_reduced2_Average.hdf,2015,2015,335,365,38,1875,10,0.09296817,0.1919781,0.1260568,0.01691305,0.1242782
ESACCI-OC-L3S-CHLOR_A-MERGED-1M_MONTHLY_4km_GEO_PML_OCx-201601-fv5.0_5_reduced2_Average.hdf,2016,2016,1,31,38,1868,17,0.08067022,0.1742876,0.1263229,0.01402401,0.1261591
ESACCI-OC-L3S-CHLOR_A-MERGED-1M_MONTHLY_4km_GEO_PML_OCx-201602-fv5.0_5_reduced2_Average.hdf,2016,2016,32,60,38,1885,0,0.07258219,0.1258204,0.09485392,0.009910582,0.09568612
ESACCI-OC-L3S-CHLOR_A-MERGED-1M_MONTHLY_4km_GEO_PML_OCx-201603-fv5.0_5_reduced2_Average.hdf,2016,2016,61,91,38,1885,0,0.05618922,0.1091948,0.07423705,0.008436305,0.07325788
ESACCI-OC-L3S-CHLOR_A-MERGED-1M_MONTHLY_4km_GEO_PML_OCx-201604-fv5.0_5_reduced2_Average.hdf,2016,2016,92,121,38,1885,0,0.03568836,0.07325434,0.05054093,0.006434799,0.04982421
ESACCI-OC-L3S-CHLOR_A-MERGED-1M_MONTHLY_4km_GEO_PML_OCx-201605-fv5.0_5_reduced2_Average.hdf,2016,2016,122,152,38,1881,4,0.03058178,0.09435466,0.0577256,0.007309279,0.05639504
ESACCI-OC-L3S-CHLOR_A-MERGED-1M_MONTHLY_4km_GEO_PML_OCx-201606-fv5.0_5_reduced2_Average.hdf,2016,2016,153,182,38,1885,0,0.04502033,0.08202583,0.0587476,0.005414977,0.05812443
ESACCI-OC-L3S-CHLOR_A-MERGED-1M_MONTHLY_4km_GEO_PML_OCx-201607-fv5.0_5_reduced2_Average.hdf,2016,2016,183,213,38,1885,0,0.05120955,0.09999598,0.06331199,0.005235834,0.06238431
ESACCI-OC-L3S-CHLOR_A-MERGED-1M_MONTHLY_4km_GEO_PML_OCx-201608-fv5.0_5_reduced2_Average.hdf,2016,2016,214,244,38,1885,0,0.05638395,0.122354,0.06961062,0.009586537,0.06669592
ESACCI-OC-L3S-CHLOR_A-MERGED-1M_MONTHLY_4km_GEO_PML_OCx-201609-fv5.0_5_reduced2_Average.hdf,2016,2016,245,274,38,1885,0,0.06086614,0.1144944,0.07138174,0.009552376,0.06772493
ESACCI-OC-L3S-CHLOR_A-MERGED-1M_MONTHLY_4km_GEO_PML_OCx-201610-fv5.0_5_reduced2_Average.hdf,2016,2016,275,305,38,1885,0,0.06294614,0.1089963,0.07727157,0.0092894,0.07444616
ESACCI-OC-L3S-CHLOR_A-MERGED-1M_MONTHLY_4km_GEO_PML_OCx-201611-fv5.0_5_reduced2_Average.hdf,2016,2016,306,335,38,1885,0,0.07200242,0.1343822,0.09793214,0.01408653,0.09435262
ESACCI-OC-L3S-CHLOR_A-MERGED-1M_MONTHLY_4km_GEO_PML_OCx-201612-fv5.0_5_reduced2_Average.hdf,2016,2016,336,366,38,1877,8,0.07895772,0.174766,0.1192864,0.01360176,0.1175196
ESACCI-OC-L3S-CHLOR_A-MERGED-1M_MONTHLY_4km_GEO_PML_OCx-201701-fv5.0_5_reduced2_Average.hdf,2017,2017,1,31,38,1885,0,0.09930326,0.1919094,0.1344421,0.01411002,0.1337398
ESACCI-OC-L3S-CHLOR_A-MERGED-1M_MONTHLY_4km_GEO_PML_OCx-201702-fv5.0_5_reduced2_Average.hdf,2017,2017,32,59,38,1885,0,0.1049689,0.2199147,0.138594,0.01761804,0.1363433
ESACCI-OC-L3S-CHLOR_A-MERGED-1M_MONTHLY_4km_GEO_PML_OCx-201703-fv5.0_5_reduced2_Average.hdf,2017,2017,60,90,38,1885,0,0.06030615,0.1421464,0.08620593,0.01429193,0.08380372
ESACCI-OC-L3S-CHLOR_A-MERGED-1M_MONTHLY_4km_GEO_PML_OCx-201704-fv5.0_5_reduced2_Average.hdf,2017,2017,91,120,38,1885,0,0.03967501,0.1116992,0.06663421,0.01469442,0.06558786
ESACCI-OC-L3S-CHLOR_A-MERGED-1M_MONTHLY_4km_GEO_PML_OCx-201705-fv5.0_5_reduced2_Average.hdf,2017,2017,121,151,38,1885,0,0.03733081,0.08950995,0.05600836,0.009812679,0.05359904
ESACCI-OC-L3S-CHLOR_A-MERGED-1M_MONTHLY_4km_GEO_PML_OCx-201706-fv5.0_5_reduced2_Average.hdf,2017,2017,152,181,38,1885,0,0.04651865,0.06807469,0.05463517,0.002931371,0.05444213
ESACCI-OC-L3S-CHLOR_A-MERGED-1M_MONTHLY_4km_GEO_PML_OCx-201707-fv5.0_5_reduced2_Average.hdf,2017,2017,182,212,38,1885,0,0.04790523,0.07587624,0.06226644,0.004859214,0.06208077
ESACCI-OC-L3S-CHLOR_A-MERGED-1M_MONTHLY_4km_GEO_PML_OCx-201708-fv5.0_5_reduced2_Average.hdf,2017,2017,213,243,38,1882,3,0.05021983,0.1362932,0.07330459,0.007347777,0.07332399
ESACCI-OC-L3S-CHLOR_A-MERGED-1M_MONTHLY_4km_GEO_PML_OCx-201709-fv5.0_5_reduced2_Average.hdf,2017,2017,244,273,38,1885,0,0.06238634,0.09359256,0.07316255,0.004766374,0.07270454
ESACCI-OC-L3S-CHLOR_A-MERGED-1M_MONTHLY_4km_GEO_PML_OCx-201710-fv5.0_5_reduced2_Average.hdf,2017,2017,274,304,38,1885,0,0.0628383,0.1176329,0.07842475,0.008753057,0.07676332
ESACCI-OC-L3S-CHLOR_A-MERGED-1M_MONTHLY_4km_GEO_PML_OCx-201711-fv5.0_5_reduced2_Average.hdf,2017,2017,305,334,38,1885,0,0.07591212,0.1821559,0.0980324,0.01397507,0.09444439
ESACCI-OC-L3S-CHLOR_A-MERGED-1M_MONTHLY_4km_GEO_PML_OCx-201712-fv5.0_5_reduced2_Average.hdf,2017,2017,335,365,38,1884,1,0.08240935,0.4643561,0.1192372,0.04814836,0.1030187
ESACCI-OC-L3S-CHLOR_A-MERGED-1M_MONTHLY_4km_GEO_PML_OCx-201801-fv5.0_5_reduced2_Average.hdf,2018,2018,1,31,38,1885,0,0.08033583,0.3428088,0.1275449,0.04637507,0.1034534
ESACCI-OC-L3S-CHLOR_A-MERGED-1M_MONTHLY_4km_GEO_PML_OCx-201802-fv5.0_5_reduced2_Average.hdf,2018,2018,32,59,38,1885,0,0.06859863,0.2767942,0.1138414,0.04114609,0.09606524
ESACCI-OC-L3S-CHLOR_A-MERGED-1M_MONTHLY_4km_GEO_PML_OCx-201803-fv5.0_5_reduced2_Average.hdf,2018,2018,60,90,38,1885,0,0.0742573,0.3627307,0.1511503,0.06217841,0.1276965
ESACCI-OC-L3S-CHLOR_A-MERGED-1M_MONTHLY_4km_GEO_PML_OCx-201804-fv5.0_5_reduced2_Average.hdf,2018,2018,91,120,38,1885,0,0.05094809,0.1625653,0.08534647,0.02189516,0.08727831
ESACCI-OC-L3S-CHLOR_A-MERGED-1M_MONTHLY_4km_GEO_PML_OCx-201805-fv5.0_5_reduced2_Average.hdf,2018,2018,121,151,38,1885,0,0.04681721,0.09856322,0.06500856,0.008159825,0.06332693
ESACCI-OC-L3S-CHLOR_A-MERGED-1M_MONTHLY_4km_GEO_PML_OCx-201806-fv5.0_5_reduced2_Average.hdf,2018,2018,152,181,38,1885,0,0.0584685,0.116253,0.07293189,0.008154809,0.07177026
ESACCI-OC-L3S-CHLOR_A-MERGED-1M_MONTHLY_4km_GEO_PML_OCx-201807-fv5.0_5_reduced2_Average.hdf,2018,2018,182,212,38,1885,0,0.05814675,0.09429305,0.06847255,0.00556867,0.06730956
ESACCI-OC-L3S-CHLOR_A-MERGED-1M_MONTHLY_4km_GEO_PML_OCx-201808-fv5.0_5_reduced2_Average.hdf,2018,2018,213,243,38,1883,2,0.06012507,0.1144867,0.07676723,0.008569614,0.07525013
ESACCI-OC-L3S-CHLOR_A-MERGED-1M_MONTHLY_4km_GEO_PML_OCx-201809-fv5.0_5_reduced2_Average.hdf,2018,2018,244,273,38,1885,0,0.05610503,0.0988476,0.07193899,0.005477065,0.07154826
ESACCI-OC-L3S-CHLOR_A-MERGED-1M_MONTHLY_4km_GEO_PML_OCx-201810-fv5.0_5_reduced2_Average.hdf,2018,2018,274,304,38,1885,0,0.07088313,0.1844523,0.08788183,0.01473646,0.08328051
ESACCI-OC-L3S-CHLOR_A-MERGED-1M_MONTHLY_4km_GEO_PML_OCx-201811-fv5.0_5_reduced2_Average.hdf,2018,2018,305,334,38,1885,0,0.07958424,0.1929827,0.1034771,0.01587583,0.09952892
ESACCI-OC-L3S-CHLOR_A-MERGED-1M_MONTHLY_4km_GEO_PML_OCx-201812-fv5.0_5_reduced2_Average.hdf,2018,2018,335,365,38,1885,0,0.08151847,0.2505457,0.114447,0.02021897,0.1101333
ESACCI-OC-L3S-CHLOR_A-MERGED-1M_MONTHLY_4km_GEO_PML_OCx-201901-fv5.0_5_reduced2_Average.hdf,2019,2019,1,31,38,1885,0,0.09410427,0.4876783,0.1353025,0.04287033,0.1250288
ESACCI-OC-L3S-CHLOR_A-MERGED-1M_MONTHLY_4km_GEO_PML_OCx-201902-fv5.0_5_reduced2_Average.hdf,2019,2019,32,59,38,1885,0,0.09613506,0.4049394,0.1469018,0.05065168,0.1324844
ESACCI-OC-L3S-CHLOR_A-MERGED-1M_MONTHLY_4km_GEO_PML_OCx-201903-fv5.0_5_reduced2_Average.hdf,2019,2019,60,90,38,1885,0,0.06825113,0.4683147,0.1363865,0.07125416,0.1061077
ESACCI-OC-L3S-CHLOR_A-MERGED-1M_MONTHLY_4km_GEO_PML_OCx-201904-fv5.0_5_reduced2_Average.hdf,2019,2019,91,120,38,1885,0,0.05061523,0.217535,0.09767107,0.04733483,0.07200038
ESACCI-OC-L3S-CHLOR_A-MERGED-1M_MONTHLY_4km_GEO_PML_OCx-201905-fv5.0_5_reduced2_Average.hdf,2019,2019,121,151,38,1875,10,0.0410915,0.1551842,0.09207906,0.02971246,0.08770359
ESACCI-OC-L3S-CHLOR_A-MERGED-1M_MONTHLY_4km_GEO_PML_OCx-201906-fv5.0_5_reduced2_Average.hdf,2019,2019,152,181,38,1885,0,0.05260357,0.1200747,0.08565017,0.01677707,0.08791089
ESACCI-OC-L3S-CHLOR_A-MERGED-1M_MONTHLY_4km_GEO_PML_OCx-201907-fv5.0_5_reduced2_Average.hdf,2019,2019,182,212,38,1885,0,0.05901654,0.116842,0.07773944,0.01066337,0.07514903
ESACCI-OC-L3S-CHLOR_A-MERGED-1M_MONTHLY_4km_GEO_PML_OCx-201908-fv5.0_5_reduced2_Average.hdf,2019,2019,213,243,38,1885,0,0.06011811,0.09243926,0.07241016,0.005803806,0.07096233
ESACCI-OC-L3S-CHLOR_A-MERGED-1M_MONTHLY_4km_GEO_PML_OCx-201909-fv5.0_5_reduced2_Average.hdf,2019,2019,244,273,38,1885,0,0.0609681,0.09547934,0.07179757,0.005058777,0.07088314
ESACCI-OC-L3S-CHLOR_A-MERGED-1M_MONTHLY_4km_GEO_PML_OCx-201910-fv5.0_5_reduced2_Average.hdf,2019,2019,274,304,38,1885,0,0.06917573,0.1248089,0.08700223,0.01131032,0.08293509
ESACCI-OC-L3S-CHLOR_A-MERGED-1M_MONTHLY_4km_GEO_PML_OCx-201911-fv5.0_5_reduced2_Average.hdf,2019,2019,305,334,38,1885,0,0.07880618,0.1913808,0.112756,0.01822275,0.1072527
ESACCI-OC-L3S-CHLOR_A-MERGED-1M_MONTHLY_4km_GEO_PML_OCx-201912-fv5.0_5_reduced2_Average.hdf,2019,2019,335,365,38,1885,0,0.09692863,0.1971839,0.1362837,0.02193676,0.1295696
ESACCI-OC-L3S-CHLOR_A-MERGED-1M_MONTHLY_4km_GEO_PML_OCx-202001-fv5.0_5_reduced2_Average.hdf,2020,2020,1,31,38,1885,0,0.08710292,0.4223161,0.1386134,0.0310156,0.1357927
ESACCI-OC-L3S-CHLOR_A-MERGED-1M_MONTHLY_4km_GEO_PML_OCx-202002-fv5.0_5_reduced2_Average.hdf,2020,2020,32,60,38,1885,0,0.08353645,0.4294934,0.1385016,0.03215291,0.1337362
ESACCI-OC-L3S-CHLOR_A-MERGED-1M_MONTHLY_4km_GEO_PML_OCx-202003-fv5.0_5_reduced2_Average.hdf,2020,2020,61,91,38,1885,0,0.08463456,0.2386948,0.1355782,0.02347742,0.1325148
ESACCI-OC-L3S-CHLOR_A-MERGED-1M_MONTHLY_4km_GEO_PML_OCx-202004-fv5.0_5_reduced2_Average.hdf,2020,2020,92,121,38,1885,0,0.0503021,0.1551459,0.08511475,0.01582841,0.08272099
ESACCI-OC-L3S-CHLOR_A-MERGED-1M_MONTHLY_4km_GEO_PML_OCx-202005-fv5.0_5_reduced2_Average.hdf,2020,2020,122,152,38,1885,0,0.04309911,0.0863334,0.05912388,0.008463839,0.05643777
ESACCI-OC-L3S-CHLOR_A-MERGED-1M_MONTHLY_4km_GEO_PML_OCx-202006-fv5.0_5_reduced2_Average.hdf,2020,2020,153,182,38,1885,0,0.04897237,0.1225884,0.06473668,0.008969166,0.06316922
ESACCI-OC-L3S-CHLOR_A-MERGED-1M_MONTHLY_4km_GEO_PML_OCx-202007-fv5.0_5_reduced2_Average.hdf,2020,2020,183,213,38,1884,1,0.04899164,0.1428183,0.07473554,0.0191215,0.06734405
ESACCI-OC-L3S-CHLOR_A-MERGED-1M_MONTHLY_4km_GEO_PML_OCx-202008-fv5.0_5_reduced2_Average.hdf,2020,2020,214,244,38,1885,0,0.05404061,0.1219974,0.07139216,0.01376686,0.06632602
ESACCI-OC-L3S-CHLOR_A-MERGED-1M_MONTHLY_4km_GEO_PML_OCx-202009-fv5.0_5_reduced2_Average.hdf,2020,2020,245,274,38,1885,0,0.05757558,0.1013735,0.0724359,0.009229564,0.0695272
ESACCI-OC-L3S-CHLOR_A-MERGED-1M_MONTHLY_4km_GEO_PML_OCx-202010-fv5.0_5_reduced2_Average.hdf,2020,2020,275,305,38,1885,0,0.07303603,0.1224668,0.09006028,0.009195731,0.08860667
ESACCI-OC-L3S-CHLOR_A-MERGED-1M_MONTHLY_4km_GEO_PML_OCx-202011-fv5.0_5_reduced2_Average.hdf,2020,2020,306,335,38,1885,0,0.08760525,0.188153,0.1287416,0.0198042,0.1285567
ESACCI-OC-L3S-CHLOR_A-MERGED-1M_MONTHLY_4km_GEO_PML_OCx-202012-fv5.0_5_reduced2_Average.hdf,2020,2020,336,366,38,1885,0,0.103339,0.231288,0.141625,0.01644215,0.1419079
ESACCI-OC-L3S-CHLOR_A-MERGED-1M_MONTHLY_4km_GEO_PML_OCx-202101-fv5.0_5_reduced2_Average.hdf,2021,2021,1,31,38,1885,0,0.1030199,0.2263903,0.139705,0.02000815,0.1373981
ESACCI-OC-L3S-CHLOR_A-MERGED-1M_MONTHLY_4km_GEO_PML_OCx-202102-fv5.0_5_reduced2_Average.hdf,2021,2021,32,59,38,1885,0,0.08787435,0.2983641,0.1388151,0.03141471,0.1307913
ESACCI-OC-L3S-CHLOR_A-MERGED-1M_MONTHLY_4km_GEO_PML_OCx-202103-fv5.0_5_reduced2_Average.hdf,2021,2021,60,90,38,1885,0,0.08878273,0.3030434,0.1466662,0.03297695,0.1379575
ESACCI-OC-L3S-CHLOR_A-MERGED-1M_MONTHLY_4km_GEO_PML_OCx-202104-fv5.0_5_reduced2_Average.hdf,2021,2021,91,120,38,1885,0,0.05616831,0.1836054,0.08587809,0.01808533,0.08057296
ESACCI-OC-L3S-CHLOR_A-MERGED-1M_MONTHLY_4km_GEO_PML_OCx-202105-fv5.0_5_reduced2_Average.hdf,2021,2021,121,151,38,1885,0,0.05466359,0.1745174,0.08732589,0.02602216,0.07497595
ESACCI-OC-L3S-CHLOR_A-MERGED-1M_MONTHLY_4km_GEO_PML_OCx-202106-fv5.0_5_reduced2_Average.hdf,2021,2021,152,181,38,1885,0,0.05781908,0.1607929,0.09249939,0.01994784,0.08903688
ESACCI-OC-L3S-CHLOR_A-MERGED-1M_MONTHLY_4km_GEO_PML_OCx-202107-fv5.0_5_reduced2_Average.hdf,2021,2021,182,212,38,1885,0,0.06889968,0.2799072,0.1106377,0.0348349,0.09937761
ESACCI-OC-L3S-CHLOR_A-MERGED-1M_MONTHLY_4km_GEO_PML_OCx-202108-fv5.0_5_reduced2_Average.hdf,2021,2021,213,243,38,1885,0,0.06505743,0.3265592,0.1280276,0.05232306,0.1131641
ESACCI-OC-L3S-CHLOR_A-MERGED-1M_MONTHLY_4km_GEO_PML_OCx-202109-fv5.0_5_reduced2_Average.hdf,2021,2021,244,273,38,1885,0,0.0709086,0.2418154,0.1380113,0.04036002,0.1284019
ESACCI-OC-L3S-CHLOR_A-MERGED-1M_MONTHLY_4km_GEO_PML_OCx-202110-fv5.0_5_reduced2_Average.hdf,2021,2021,274,304,38,1885,0,0.08595224,0.2489633,0.155994,0.0311872,0.1517689
ESACCI-OC-L3S-CHLOR_A-MERGED-1M_MONTHLY_4km_GEO_PML_OCx-202111-fv5.0_5_reduced2_Average.hdf,2021,2021,305,334,38,1885,0,0.1000629,0.2653259,0.1652081,0.02528437,0.1672673
ESACCI-OC-L3S-CHLOR_A-MERGED-1M_MONTHLY_4km_GEO_PML_OCx-202112-fv5.0_5_reduced2_Average.hdf,2021,2021,335,365,38,1885,0,0.0964699,0.4150621,0.1635183,0.03342048,0.1608624
