Image,SYear,EYear,SDay,EDay,Mask,Nin,Nout,Min,Max,Mean,StDev,Median
ESACCI-OC-L3S-CHLOR_A-MERGED-1M_MONTHLY_4km_GEO_PML_OCx-201001-fv5.0_5_reduced2_Average.hdf,2010,2010,1,31,48,1617,0,0.1063873,0.1675207,0.1274088,0.008738316,0.1259967
ESACCI-OC-L3S-CHLOR_A-MERGED-1M_MONTHLY_4km_GEO_PML_OCx-201002-fv5.0_5_reduced2_Average.hdf,2010,2010,32,59,48,1617,0,0.1090673,0.2736742,0.182024,0.03053746,0.1822223
ESACCI-OC-L3S-CHLOR_A-MERGED-1M_MONTHLY_4km_GEO_PML_OCx-201003-fv5.0_5_reduced2_Average.hdf,2010,2010,60,90,48,1617,0,0.136943,0.3137446,0.2024074,0.02811474,0.1983874
ESACCI-OC-L3S-CHLOR_A-MERGED-1M_MONTHLY_4km_GEO_PML_OCx-201004-fv5.0_5_reduced2_Average.hdf,2010,2010,91,120,48,1617,0,0.09950431,0.1810682,0.1389757,0.01275165,0.1387011
ESACCI-OC-L3S-CHLOR_A-MERGED-1M_MONTHLY_4km_GEO_PML_OCx-201005-fv5.0_5_reduced2_Average.hdf,2010,2010,121,151,48,1617,0,0.09874764,0.2230913,0.1274117,0.01420742,0.1258848
ESACCI-OC-L3S-CHLOR_A-MERGED-1M_MONTHLY_4km_GEO_PML_OCx-201006-fv5.0_5_reduced2_Average.hdf,2010,2010,152,181,48,1616,1,0.1102226,0.4643995,0.2350289,0.07714015,0.2337569
ESACCI-OC-L3S-CHLOR_A-MERGED-1M_MONTHLY_4km_GEO_PML_OCx-201007-fv5.0_5_reduced2_Average.hdf,2010,2010,182,212,48,1617,0,0.1217745,0.3104054,0.1845642,0.0372306,0.1892021
ESACCI-OC-L3S-CHLOR_A-MERGED-1M_MONTHLY_4km_GEO_PML_OCx-201008-fv5.0_5_reduced2_Average.hdf,2010,2010,213,243,48,1609,8,0.1078116,0.2624015,0.1518564,0.01488131,0.1509876
ESACCI-OC-L3S-CHLOR_A-MERGED-1M_MONTHLY_4km_GEO_PML_OCx-201009-fv5.0_5_reduced2_Average.hdf,2010,2010,244,273,48,1529,88,0.09616395,0.9749594,0.1871401,0.04391838,0.1866493
ESACCI-OC-L3S-CHLOR_A-MERGED-1M_MONTHLY_4km_GEO_PML_OCx-201010-fv5.0_5_reduced2_Average.hdf,2010,2010,274,304,48,1617,0,0.08708782,0.3668674,0.1670768,0.03951748,0.1650041
ESACCI-OC-L3S-CHLOR_A-MERGED-1M_MONTHLY_4km_GEO_PML_OCx-201011-fv5.0_5_reduced2_Average.hdf,2010,2010,305,334,48,1617,0,0.1206491,0.6232029,0.2693796,0.09196005,0.2665474
ESACCI-OC-L3S-CHLOR_A-MERGED-1M_MONTHLY_4km_GEO_PML_OCx-201012-fv5.0_5_reduced2_Average.hdf,2010,2010,335,365,48,1617,0,0.1328947,0.6201054,0.2186641,0.07776655,0.1873032
ESACCI-OC-L3S-CHLOR_A-MERGED-1M_MONTHLY_4km_GEO_PML_OCx-201101-fv5.0_5_reduced2_Average.hdf,2011,2011,1,31,48,1616,1,0.1615487,0.4246929,0.2352009,0.0379915,0.2285022
ESACCI-OC-L3S-CHLOR_A-MERGED-1M_MONTHLY_4km_GEO_PML_OCx-201102-fv5.0_5_reduced2_Average.hdf,2011,2011,32,59,48,1617,0,0.200125,0.7121491,0.3244604,0.06707402,0.3143456
ESACCI-OC-L3S-CHLOR_A-MERGED-1M_MONTHLY_4km_GEO_PML_OCx-201103-fv5.0_5_reduced2_Average.hdf,2011,2011,60,90,48,1617,0,0.212649,0.8002387,0.3742749,0.09914799,0.3527587
ESACCI-OC-L3S-CHLOR_A-MERGED-1M_MONTHLY_4km_GEO_PML_OCx-201104-fv5.0_5_reduced2_Average.hdf,2011,2011,91,120,48,1617,0,0.1684568,0.416721,0.2463946,0.04349062,0.2397469
ESACCI-OC-L3S-CHLOR_A-MERGED-1M_MONTHLY_4km_GEO_PML_OCx-201105-fv5.0_5_reduced2_Average.hdf,2011,2011,121,151,48,1617,0,0.1346684,0.2610255,0.170399,0.0137471,0.1677649
ESACCI-OC-L3S-CHLOR_A-MERGED-1M_MONTHLY_4km_GEO_PML_OCx-201106-fv5.0_5_reduced2_Average.hdf,2011,2011,152,181,48,1611,6,0.1164982,0.3247103,0.1667243,0.03237136,0.1610974
ESACCI-OC-L3S-CHLOR_A-MERGED-1M_MONTHLY_4km_GEO_PML_OCx-201107-fv5.0_5_reduced2_Average.hdf,2011,2011,182,212,48,1617,0,0.1157531,0.1915035,0.1526287,0.009718044,0.1535762
ESACCI-OC-L3S-CHLOR_A-MERGED-1M_MONTHLY_4km_GEO_PML_OCx-201108-fv5.0_5_reduced2_Average.hdf,2011,2011,213,243,48,1617,0,0.1298706,0.240251,0.1844698,0.01891964,0.1857747
ESACCI-OC-L3S-CHLOR_A-MERGED-1M_MONTHLY_4km_GEO_PML_OCx-201109-fv5.0_5_reduced2_Average.hdf,2011,2011,244,273,48,1617,0,0.1103399,0.3010733,0.195151,0.03145496,0.19552
ESACCI-OC-L3S-CHLOR_A-MERGED-1M_MONTHLY_4km_GEO_PML_OCx-201110-fv5.0_5_reduced2_Average.hdf,2011,2011,274,304,48,1617,0,0.09151477,0.5281712,0.235001,0.08127743,0.2459804
ESACCI-OC-L3S-CHLOR_A-MERGED-1M_MONTHLY_4km_GEO_PML_OCx-201111-fv5.0_5_reduced2_Average.hdf,2011,2011,305,334,48,1613,4,0.08897002,0.370039,0.2058027,0.05479278,0.2064733
ESACCI-OC-L3S-CHLOR_A-MERGED-1M_MONTHLY_4km_GEO_PML_OCx-201112-fv5.0_5_reduced2_Average.hdf,2011,2011,335,365,48,1617,0,0.1264802,0.5037506,0.2218085,0.06213435,0.2188009
ESACCI-OC-L3S-CHLOR_A-MERGED-1M_MONTHLY_4km_GEO_PML_OCx-201201-fv5.0_5_reduced2_Average.hdf,2012,2012,1,31,48,1617,0,0.144548,0.2478114,0.1864573,0.01711633,0.1836816
ESACCI-OC-L3S-CHLOR_A-MERGED-1M_MONTHLY_4km_GEO_PML_OCx-201202-fv5.0_5_reduced2_Average.hdf,2012,2012,32,60,48,1617,0,0.134469,0.2848966,0.1953046,0.02379733,0.193785
ESACCI-OC-L3S-CHLOR_A-MERGED-1M_MONTHLY_4km_GEO_PML_OCx-201203-fv5.0_5_reduced2_Average.hdf,2012,2012,61,91,48,1617,0,0.1566198,0.4500964,0.2647783,0.03929517,0.2638024
ESACCI-OC-L3S-CHLOR_A-MERGED-1M_MONTHLY_4km_GEO_PML_OCx-201204-fv5.0_5_reduced2_Average.hdf,2012,2012,92,121,48,1617,0,0.1492992,0.568959,0.2316299,0.04942001,0.2229996
ESACCI-OC-L3S-CHLOR_A-MERGED-1M_MONTHLY_4km_GEO_PML_OCx-201205-fv5.0_5_reduced2_Average.hdf,2012,2012,122,152,48,1610,7,0.1201582,0.4681084,0.2087107,0.04248505,0.1997691
ESACCI-OC-L3S-CHLOR_A-MERGED-1M_MONTHLY_4km_GEO_PML_OCx-201206-fv5.0_5_reduced2_Average.hdf,2012,2012,153,182,48,1578,39,0.1027053,0.3478262,0.1655493,0.03164706,0.1575494
ESACCI-OC-L3S-CHLOR_A-MERGED-1M_MONTHLY_4km_GEO_PML_OCx-201207-fv5.0_5_reduced2_Average.hdf,2012,2012,183,213,48,1607,10,0.0809681,0.3024838,0.1588859,0.03111258,0.1526363
ESACCI-OC-L3S-CHLOR_A-MERGED-1M_MONTHLY_4km_GEO_PML_OCx-201208-fv5.0_5_reduced2_Average.hdf,2012,2012,214,244,48,1612,5,0.0954654,0.238503,0.1552572,0.02170594,0.1582963
ESACCI-OC-L3S-CHLOR_A-MERGED-1M_MONTHLY_4km_GEO_PML_OCx-201209-fv5.0_5_reduced2_Average.hdf,2012,2012,245,274,48,1610,7,0.09164727,0.1976674,0.1387999,0.01294328,0.1387176
ESACCI-OC-L3S-CHLOR_A-MERGED-1M_MONTHLY_4km_GEO_PML_OCx-201210-fv5.0_5_reduced2_Average.hdf,2012,2012,275,305,48,1611,6,0.09252907,0.1933541,0.1334113,0.01838047,0.1329363
ESACCI-OC-L3S-CHLOR_A-MERGED-1M_MONTHLY_4km_GEO_PML_OCx-201211-fv5.0_5_reduced2_Average.hdf,2012,2012,306,335,48,1617,0,0.09810752,0.1994668,0.1334347,0.01924551,0.1308372
ESACCI-OC-L3S-CHLOR_A-MERGED-1M_MONTHLY_4km_GEO_PML_OCx-201212-fv5.0_5_reduced2_Average.hdf,2012,2012,336,366,48,1592,25,0.09690783,0.32391,0.1398455,0.02114291,0.1367298
ESACCI-OC-L3S-CHLOR_A-MERGED-1M_MONTHLY_4km_GEO_PML_OCx-201301-fv5.0_5_reduced2_Average.hdf,2013,2013,1,31,48,1616,1,0.108653,0.2200329,0.157101,0.01349222,0.1562863
ESACCI-OC-L3S-CHLOR_A-MERGED-1M_MONTHLY_4km_GEO_PML_OCx-201302-fv5.0_5_reduced2_Average.hdf,2013,2013,32,59,48,1608,9,0.1075044,0.4480665,0.2396155,0.05803468,0.2314008
ESACCI-OC-L3S-CHLOR_A-MERGED-1M_MONTHLY_4km_GEO_PML_OCx-201303-fv5.0_5_reduced2_Average.hdf,2013,2013,60,90,48,1616,1,0.1412255,0.7364875,0.2775894,0.06368557,0.2723239
ESACCI-OC-L3S-CHLOR_A-MERGED-1M_MONTHLY_4km_GEO_PML_OCx-201304-fv5.0_5_reduced2_Average.hdf,2013,2013,91,120,48,1610,7,0.09981225,0.3597507,0.1787634,0.03657809,0.1747416
ESACCI-OC-L3S-CHLOR_A-MERGED-1M_MONTHLY_4km_GEO_PML_OCx-201305-fv5.0_5_reduced2_Average.hdf,2013,2013,121,151,48,1615,2,0.08822604,0.2812531,0.1537524,0.03603639,0.1486844
ESACCI-OC-L3S-CHLOR_A-MERGED-1M_MONTHLY_4km_GEO_PML_OCx-201306-fv5.0_5_reduced2_Average.hdf,2013,2013,152,181,48,1582,35,0.09338498,0.236899,0.150361,0.02531739,0.1469689
ESACCI-OC-L3S-CHLOR_A-MERGED-1M_MONTHLY_4km_GEO_PML_OCx-201307-fv5.0_5_reduced2_Average.hdf,2013,2013,182,212,48,1617,0,0.09622131,0.2934693,0.1500944,0.01845,0.1475966
ESACCI-OC-L3S-CHLOR_A-MERGED-1M_MONTHLY_4km_GEO_PML_OCx-201308-fv5.0_5_reduced2_Average.hdf,2013,2013,213,243,48,1604,13,0.08809908,0.3578776,0.17566,0.04319219,0.1715686
ESACCI-OC-L3S-CHLOR_A-MERGED-1M_MONTHLY_4km_GEO_PML_OCx-201309-fv5.0_5_reduced2_Average.hdf,2013,2013,244,273,48,1607,10,0.08160068,0.3301107,0.1582347,0.0415842,0.1484078
ESACCI-OC-L3S-CHLOR_A-MERGED-1M_MONTHLY_4km_GEO_PML_OCx-201310-fv5.0_5_reduced2_Average.hdf,2013,2013,274,304,48,1590,27,0.08322119,0.3165671,0.1759177,0.05820114,0.1593617
ESACCI-OC-L3S-CHLOR_A-MERGED-1M_MONTHLY_4km_GEO_PML_OCx-201311-fv5.0_5_reduced2_Average.hdf,2013,2013,305,334,48,1610,7,0.09412584,0.3425066,0.1767525,0.05867355,0.1675915
ESACCI-OC-L3S-CHLOR_A-MERGED-1M_MONTHLY_4km_GEO_PML_OCx-201312-fv5.0_5_reduced2_Average.hdf,2013,2013,335,365,48,1615,2,0.106966,0.3379897,0.1773098,0.04045786,0.1692273
ESACCI-OC-L3S-CHLOR_A-MERGED-1M_MONTHLY_4km_GEO_PML_OCx-201401-fv5.0_5_reduced2_Average.hdf,2014,2014,1,31,48,1591,26,0.1159728,0.4009984,0.1915618,0.05118685,0.1747509
ESACCI-OC-L3S-CHLOR_A-MERGED-1M_MONTHLY_4km_GEO_PML_OCx-201402-fv5.0_5_reduced2_Average.hdf,2014,2014,32,59,48,1599,18,0.1087814,0.3319396,0.1548958,0.01776968,0.1534647
ESACCI-OC-L3S-CHLOR_A-MERGED-1M_MONTHLY_4km_GEO_PML_OCx-201403-fv5.0_5_reduced2_Average.hdf,2014,2014,60,90,48,1617,0,0.103059,0.2246588,0.1560072,0.02161907,0.1554659
ESACCI-OC-L3S-CHLOR_A-MERGED-1M_MONTHLY_4km_GEO_PML_OCx-201404-fv5.0_5_reduced2_Average.hdf,2014,2014,91,120,48,1537,80,0.09935048,0.4973593,0.1840049,0.04454814,0.1740391
ESACCI-OC-L3S-CHLOR_A-MERGED-1M_MONTHLY_4km_GEO_PML_OCx-201405-fv5.0_5_reduced2_Average.hdf,2014,2014,121,151,48,1617,0,0.08585641,0.2273532,0.1287536,0.02312155,0.1255084
ESACCI-OC-L3S-CHLOR_A-MERGED-1M_MONTHLY_4km_GEO_PML_OCx-201406-fv5.0_5_reduced2_Average.hdf,2014,2014,152,181,48,1610,7,0.07631003,0.2528963,0.1481937,0.02544289,0.1516477
ESACCI-OC-L3S-CHLOR_A-MERGED-1M_MONTHLY_4km_GEO_PML_OCx-201407-fv5.0_5_reduced2_Average.hdf,2014,2014,182,212,48,1606,11,0.09662557,0.6640631,0.2277041,0.09209409,0.1868817
ESACCI-OC-L3S-CHLOR_A-MERGED-1M_MONTHLY_4km_GEO_PML_OCx-201408-fv5.0_5_reduced2_Average.hdf,2014,2014,213,243,48,1601,16,0.09358913,0.5730356,0.1805383,0.07083482,0.1565041
ESACCI-OC-L3S-CHLOR_A-MERGED-1M_MONTHLY_4km_GEO_PML_OCx-201409-fv5.0_5_reduced2_Average.hdf,2014,2014,244,273,48,1616,1,0.0890379,0.2177877,0.1472362,0.02135827,0.1451646
ESACCI-OC-L3S-CHLOR_A-MERGED-1M_MONTHLY_4km_GEO_PML_OCx-201410-fv5.0_5_reduced2_Average.hdf,2014,2014,274,304,48,1604,13,0.07965269,0.205726,0.1251577,0.01491682,0.1261506
ESACCI-OC-L3S-CHLOR_A-MERGED-1M_MONTHLY_4km_GEO_PML_OCx-201411-fv5.0_5_reduced2_Average.hdf,2014,2014,305,334,48,1530,87,0.06891072,0.2131394,0.1237936,0.01658136,0.1235511
ESACCI-OC-L3S-CHLOR_A-MERGED-1M_MONTHLY_4km_GEO_PML_OCx-201412-fv5.0_5_reduced2_Average.hdf,2014,2014,335,365,48,1611,6,0.07706071,0.3322873,0.1389053,0.04353168,0.1290715
ESACCI-OC-L3S-CHLOR_A-MERGED-1M_MONTHLY_4km_GEO_PML_OCx-201501-fv5.0_5_reduced2_Average.hdf,2015,2015,1,31,48,1617,0,0.08488942,0.526563,0.2181511,0.08501806,0.2177986
ESACCI-OC-L3S-CHLOR_A-MERGED-1M_MONTHLY_4km_GEO_PML_OCx-201502-fv5.0_5_reduced2_Average.hdf,2015,2015,32,59,48,1617,0,0.09214399,0.331141,0.1918664,0.0393105,0.1837885
ESACCI-OC-L3S-CHLOR_A-MERGED-1M_MONTHLY_4km_GEO_PML_OCx-201503-fv5.0_5_reduced2_Average.hdf,2015,2015,60,90,48,1616,1,0.1024537,0.3030103,0.1637885,0.02251809,0.1595512
ESACCI-OC-L3S-CHLOR_A-MERGED-1M_MONTHLY_4km_GEO_PML_OCx-201504-fv5.0_5_reduced2_Average.hdf,2015,2015,91,120,48,1606,11,0.06996983,0.2175439,0.1166904,0.01604726,0.1149522
ESACCI-OC-L3S-CHLOR_A-MERGED-1M_MONTHLY_4km_GEO_PML_OCx-201505-fv5.0_5_reduced2_Average.hdf,2015,2015,121,151,48,1444,173,0.07140443,0.2241406,0.1138356,0.01377912,0.1133812
ESACCI-OC-L3S-CHLOR_A-MERGED-1M_MONTHLY_4km_GEO_PML_OCx-201506-fv5.0_5_reduced2_Average.hdf,2015,2015,152,181,48,1617,0,0.08532216,0.1443672,0.1088458,0.009054494,0.1085376
ESACCI-OC-L3S-CHLOR_A-MERGED-1M_MONTHLY_4km_GEO_PML_OCx-201507-fv5.0_5_reduced2_Average.hdf,2015,2015,182,212,48,1597,20,0.07591236,0.1656628,0.1089653,0.01355796,0.1077126
ESACCI-OC-L3S-CHLOR_A-MERGED-1M_MONTHLY_4km_GEO_PML_OCx-201508-fv5.0_5_reduced2_Average.hdf,2015,2015,213,243,48,1607,10,0.06002629,0.1713024,0.1027096,0.0141038,0.1013135
ESACCI-OC-L3S-CHLOR_A-MERGED-1M_MONTHLY_4km_GEO_PML_OCx-201509-fv5.0_5_reduced2_Average.hdf,2015,2015,244,273,48,1586,31,0.05271798,0.1634532,0.100348,0.01465353,0.09996707
ESACCI-OC-L3S-CHLOR_A-MERGED-1M_MONTHLY_4km_GEO_PML_OCx-201510-fv5.0_5_reduced2_Average.hdf,2015,2015,274,304,48,1616,1,0.06730111,0.1609367,0.1060929,0.0149409,0.1075898
ESACCI-OC-L3S-CHLOR_A-MERGED-1M_MONTHLY_4km_GEO_PML_OCx-201511-fv5.0_5_reduced2_Average.hdf,2015,2015,305,334,48,1617,0,0.07981361,0.1305404,0.1043308,0.007117856,0.1040529
ESACCI-OC-L3S-CHLOR_A-MERGED-1M_MONTHLY_4km_GEO_PML_OCx-201512-fv5.0_5_reduced2_Average.hdf,2015,2015,335,365,48,1565,52,0.08363834,0.1958783,0.1282017,0.01402614,0.1261108
ESACCI-OC-L3S-CHLOR_A-MERGED-1M_MONTHLY_4km_GEO_PML_OCx-201601-fv5.0_5_reduced2_Average.hdf,2016,2016,1,31,48,1605,12,0.07039088,0.3458985,0.142586,0.02600785,0.1446991
ESACCI-OC-L3S-CHLOR_A-MERGED-1M_MONTHLY_4km_GEO_PML_OCx-201602-fv5.0_5_reduced2_Average.hdf,2016,2016,32,60,48,1615,2,0.06007212,0.2069952,0.1060445,0.01989819,0.1053451
ESACCI-OC-L3S-CHLOR_A-MERGED-1M_MONTHLY_4km_GEO_PML_OCx-201603-fv5.0_5_reduced2_Average.hdf,2016,2016,61,91,48,1615,2,0.05838244,0.1539672,0.1051914,0.01549129,0.1046768
ESACCI-OC-L3S-CHLOR_A-MERGED-1M_MONTHLY_4km_GEO_PML_OCx-201604-fv5.0_5_reduced2_Average.hdf,2016,2016,92,121,48,1551,66,0.05686698,0.1690398,0.09127142,0.01417442,0.08935823
ESACCI-OC-L3S-CHLOR_A-MERGED-1M_MONTHLY_4km_GEO_PML_OCx-201605-fv5.0_5_reduced2_Average.hdf,2016,2016,122,152,48,1610,7,0.06263281,0.1501743,0.09486976,0.0122686,0.09469135
ESACCI-OC-L3S-CHLOR_A-MERGED-1M_MONTHLY_4km_GEO_PML_OCx-201606-fv5.0_5_reduced2_Average.hdf,2016,2016,153,182,48,1617,0,0.06545864,0.1140995,0.08467616,0.007110948,0.08445777
ESACCI-OC-L3S-CHLOR_A-MERGED-1M_MONTHLY_4km_GEO_PML_OCx-201607-fv5.0_5_reduced2_Average.hdf,2016,2016,183,213,48,1617,0,0.07231017,0.1194195,0.09441456,0.009543948,0.09401955
ESACCI-OC-L3S-CHLOR_A-MERGED-1M_MONTHLY_4km_GEO_PML_OCx-201608-fv5.0_5_reduced2_Average.hdf,2016,2016,214,244,48,1617,0,0.06074764,0.111671,0.08471856,0.007760197,0.08451992
ESACCI-OC-L3S-CHLOR_A-MERGED-1M_MONTHLY_4km_GEO_PML_OCx-201609-fv5.0_5_reduced2_Average.hdf,2016,2016,245,274,48,1617,0,0.06972283,0.119967,0.09171296,0.008019733,0.09123175
ESACCI-OC-L3S-CHLOR_A-MERGED-1M_MONTHLY_4km_GEO_PML_OCx-201610-fv5.0_5_reduced2_Average.hdf,2016,2016,275,305,48,1617,0,0.06587347,0.1385843,0.09872906,0.01057754,0.09833739
ESACCI-OC-L3S-CHLOR_A-MERGED-1M_MONTHLY_4km_GEO_PML_OCx-201611-fv5.0_5_reduced2_Average.hdf,2016,2016,306,335,48,1617,0,0.07444834,0.1277295,0.09818956,0.009610059,0.09829754
ESACCI-OC-L3S-CHLOR_A-MERGED-1M_MONTHLY_4km_GEO_PML_OCx-201612-fv5.0_5_reduced2_Average.hdf,2016,2016,336,366,48,1617,0,0.08487535,0.1390468,0.111309,0.009674168,0.1114269
ESACCI-OC-L3S-CHLOR_A-MERGED-1M_MONTHLY_4km_GEO_PML_OCx-201701-fv5.0_5_reduced2_Average.hdf,2017,2017,1,31,48,1617,0,0.103432,0.155468,0.1274258,0.00977449,0.1272789
ESACCI-OC-L3S-CHLOR_A-MERGED-1M_MONTHLY_4km_GEO_PML_OCx-201702-fv5.0_5_reduced2_Average.hdf,2017,2017,32,59,48,1617,0,0.09455194,0.1550736,0.1248773,0.01060207,0.1248133
ESACCI-OC-L3S-CHLOR_A-MERGED-1M_MONTHLY_4km_GEO_PML_OCx-201703-fv5.0_5_reduced2_Average.hdf,2017,2017,60,90,48,1617,0,0.09431653,0.1803672,0.1315781,0.01265357,0.1314369
ESACCI-OC-L3S-CHLOR_A-MERGED-1M_MONTHLY_4km_GEO_PML_OCx-201704-fv5.0_5_reduced2_Average.hdf,2017,2017,91,120,48,1617,0,0.08420725,0.3275313,0.147138,0.03726791,0.1399068
ESACCI-OC-L3S-CHLOR_A-MERGED-1M_MONTHLY_4km_GEO_PML_OCx-201705-fv5.0_5_reduced2_Average.hdf,2017,2017,121,151,48,1617,0,0.07097809,0.1839675,0.1021123,0.01837554,0.09720683
ESACCI-OC-L3S-CHLOR_A-MERGED-1M_MONTHLY_4km_GEO_PML_OCx-201706-fv5.0_5_reduced2_Average.hdf,2017,2017,152,181,48,1617,0,0.07674647,0.121421,0.09590871,0.00817382,0.09574579
ESACCI-OC-L3S-CHLOR_A-MERGED-1M_MONTHLY_4km_GEO_PML_OCx-201707-fv5.0_5_reduced2_Average.hdf,2017,2017,182,212,48,1616,1,0.07188334,0.1379381,0.1002297,0.008245869,0.1001219
ESACCI-OC-L3S-CHLOR_A-MERGED-1M_MONTHLY_4km_GEO_PML_OCx-201708-fv5.0_5_reduced2_Average.hdf,2017,2017,213,243,48,1617,0,0.0668852,0.124434,0.09071442,0.008198869,0.09067393
ESACCI-OC-L3S-CHLOR_A-MERGED-1M_MONTHLY_4km_GEO_PML_OCx-201709-fv5.0_5_reduced2_Average.hdf,2017,2017,244,273,48,1617,0,0.06740758,0.1176975,0.08915487,0.007657868,0.08856998
ESACCI-OC-L3S-CHLOR_A-MERGED-1M_MONTHLY_4km_GEO_PML_OCx-201710-fv5.0_5_reduced2_Average.hdf,2017,2017,274,304,48,1617,0,0.07632571,0.1144457,0.09257253,0.006258162,0.09200875
ESACCI-OC-L3S-CHLOR_A-MERGED-1M_MONTHLY_4km_GEO_PML_OCx-201711-fv5.0_5_reduced2_Average.hdf,2017,2017,305,334,48,1617,0,0.0831203,0.1394785,0.1098717,0.0092087,0.1101805
ESACCI-OC-L3S-CHLOR_A-MERGED-1M_MONTHLY_4km_GEO_PML_OCx-201712-fv5.0_5_reduced2_Average.hdf,2017,2017,335,365,48,1617,0,0.09749282,0.1554696,0.1234477,0.00949499,0.1240137
ESACCI-OC-L3S-CHLOR_A-MERGED-1M_MONTHLY_4km_GEO_PML_OCx-201801-fv5.0_5_reduced2_Average.hdf,2018,2018,1,31,48,1617,0,0.1029934,0.2297092,0.1336349,0.0133677,0.1315084
ESACCI-OC-L3S-CHLOR_A-MERGED-1M_MONTHLY_4km_GEO_PML_OCx-201802-fv5.0_5_reduced2_Average.hdf,2018,2018,32,59,48,1617,0,0.114736,0.3027595,0.1933278,0.03397315,0.1908262
ESACCI-OC-L3S-CHLOR_A-MERGED-1M_MONTHLY_4km_GEO_PML_OCx-201803-fv5.0_5_reduced2_Average.hdf,2018,2018,60,90,48,1617,0,0.1601175,0.3105507,0.2312065,0.02328917,0.2301192
ESACCI-OC-L3S-CHLOR_A-MERGED-1M_MONTHLY_4km_GEO_PML_OCx-201804-fv5.0_5_reduced2_Average.hdf,2018,2018,91,120,48,1617,0,0.1142461,0.2836562,0.1824399,0.02853406,0.1816757
ESACCI-OC-L3S-CHLOR_A-MERGED-1M_MONTHLY_4km_GEO_PML_OCx-201805-fv5.0_5_reduced2_Average.hdf,2018,2018,121,151,48,1617,0,0.1072805,0.1766299,0.1351575,0.01017269,0.134716
ESACCI-OC-L3S-CHLOR_A-MERGED-1M_MONTHLY_4km_GEO_PML_OCx-201806-fv5.0_5_reduced2_Average.hdf,2018,2018,152,181,48,1617,0,0.1103407,0.1789161,0.1455572,0.01137273,0.1448092
ESACCI-OC-L3S-CHLOR_A-MERGED-1M_MONTHLY_4km_GEO_PML_OCx-201807-fv5.0_5_reduced2_Average.hdf,2018,2018,182,212,48,1617,0,0.1143541,0.2616225,0.1740564,0.02960878,0.1713606
ESACCI-OC-L3S-CHLOR_A-MERGED-1M_MONTHLY_4km_GEO_PML_OCx-201808-fv5.0_5_reduced2_Average.hdf,2018,2018,213,243,48,1617,0,0.105242,0.3927797,0.2007721,0.04816156,0.20168
ESACCI-OC-L3S-CHLOR_A-MERGED-1M_MONTHLY_4km_GEO_PML_OCx-201809-fv5.0_5_reduced2_Average.hdf,2018,2018,244,273,48,1617,0,0.1008089,0.2607636,0.1769921,0.03288568,0.180396
ESACCI-OC-L3S-CHLOR_A-MERGED-1M_MONTHLY_4km_GEO_PML_OCx-201810-fv5.0_5_reduced2_Average.hdf,2018,2018,274,304,48,1617,0,0.06949286,0.3953877,0.2101498,0.06806002,0.2076621
ESACCI-OC-L3S-CHLOR_A-MERGED-1M_MONTHLY_4km_GEO_PML_OCx-201811-fv5.0_5_reduced2_Average.hdf,2018,2018,305,334,48,1617,0,0.07110693,0.3336914,0.1671289,0.0646052,0.145934
ESACCI-OC-L3S-CHLOR_A-MERGED-1M_MONTHLY_4km_GEO_PML_OCx-201812-fv5.0_5_reduced2_Average.hdf,2018,2018,335,365,48,1617,0,0.07370026,0.3938739,0.1232823,0.04907712,0.1031425
ESACCI-OC-L3S-CHLOR_A-MERGED-1M_MONTHLY_4km_GEO_PML_OCx-201901-fv5.0_5_reduced2_Average.hdf,2019,2019,1,31,48,1617,0,0.08695131,0.2733338,0.1292346,0.02898441,0.1222971
ESACCI-OC-L3S-CHLOR_A-MERGED-1M_MONTHLY_4km_GEO_PML_OCx-201902-fv5.0_5_reduced2_Average.hdf,2019,2019,32,59,48,1617,0,0.0773011,0.1853747,0.1215107,0.02195085,0.1213801
ESACCI-OC-L3S-CHLOR_A-MERGED-1M_MONTHLY_4km_GEO_PML_OCx-201903-fv5.0_5_reduced2_Average.hdf,2019,2019,60,90,48,1617,0,0.07508149,0.1606815,0.1189518,0.0174742,0.120224
ESACCI-OC-L3S-CHLOR_A-MERGED-1M_MONTHLY_4km_GEO_PML_OCx-201904-fv5.0_5_reduced2_Average.hdf,2019,2019,91,120,48,1617,0,0.07746173,0.1872459,0.125358,0.01959925,0.1282568
ESACCI-OC-L3S-CHLOR_A-MERGED-1M_MONTHLY_4km_GEO_PML_OCx-201905-fv5.0_5_reduced2_Average.hdf,2019,2019,121,151,48,1617,0,0.08057604,0.1350971,0.1062423,0.008402992,0.1049125
ESACCI-OC-L3S-CHLOR_A-MERGED-1M_MONTHLY_4km_GEO_PML_OCx-201906-fv5.0_5_reduced2_Average.hdf,2019,2019,152,181,48,1617,0,0.08137108,0.1249847,0.09703045,0.006279224,0.09694564
ESACCI-OC-L3S-CHLOR_A-MERGED-1M_MONTHLY_4km_GEO_PML_OCx-201907-fv5.0_5_reduced2_Average.hdf,2019,2019,182,212,48,1617,0,0.07917799,0.1475808,0.1060003,0.008918514,0.1056913
ESACCI-OC-L3S-CHLOR_A-MERGED-1M_MONTHLY_4km_GEO_PML_OCx-201908-fv5.0_5_reduced2_Average.hdf,2019,2019,213,243,48,1615,2,0.06979048,0.1760791,0.1051116,0.01404055,0.1032906
ESACCI-OC-L3S-CHLOR_A-MERGED-1M_MONTHLY_4km_GEO_PML_OCx-201909-fv5.0_5_reduced2_Average.hdf,2019,2019,244,273,48,1617,0,0.05114303,0.188008,0.09870756,0.01383627,0.09628373
ESACCI-OC-L3S-CHLOR_A-MERGED-1M_MONTHLY_4km_GEO_PML_OCx-201910-fv5.0_5_reduced2_Average.hdf,2019,2019,274,304,48,1617,0,0.07326921,0.1309512,0.098331,0.01000924,0.09669238
ESACCI-OC-L3S-CHLOR_A-MERGED-1M_MONTHLY_4km_GEO_PML_OCx-201911-fv5.0_5_reduced2_Average.hdf,2019,2019,305,334,48,1617,0,0.06940832,0.143166,0.1061542,0.01496753,0.1071323
ESACCI-OC-L3S-CHLOR_A-MERGED-1M_MONTHLY_4km_GEO_PML_OCx-201912-fv5.0_5_reduced2_Average.hdf,2019,2019,335,365,48,1617,0,0.08176067,0.1601955,0.1149098,0.01550482,0.1096042
ESACCI-OC-L3S-CHLOR_A-MERGED-1M_MONTHLY_4km_GEO_PML_OCx-202001-fv5.0_5_reduced2_Average.hdf,2020,2020,1,31,48,1617,0,0.0960689,0.1772843,0.1266109,0.01640278,0.1233149
ESACCI-OC-L3S-CHLOR_A-MERGED-1M_MONTHLY_4km_GEO_PML_OCx-202002-fv5.0_5_reduced2_Average.hdf,2020,2020,32,60,48,1617,0,0.1022104,0.1621776,0.1275616,0.01028581,0.126832
ESACCI-OC-L3S-CHLOR_A-MERGED-1M_MONTHLY_4km_GEO_PML_OCx-202003-fv5.0_5_reduced2_Average.hdf,2020,2020,61,91,48,1617,0,0.0918937,0.1494808,0.1208428,0.009636148,0.1210169
ESACCI-OC-L3S-CHLOR_A-MERGED-1M_MONTHLY_4km_GEO_PML_OCx-202004-fv5.0_5_reduced2_Average.hdf,2020,2020,92,121,48,1617,0,0.08807485,0.168419,0.1209543,0.0137335,0.1182737
ESACCI-OC-L3S-CHLOR_A-MERGED-1M_MONTHLY_4km_GEO_PML_OCx-202005-fv5.0_5_reduced2_Average.hdf,2020,2020,122,152,48,1617,0,0.08768998,0.1767925,0.1207099,0.01102312,0.1208403
ESACCI-OC-L3S-CHLOR_A-MERGED-1M_MONTHLY_4km_GEO_PML_OCx-202006-fv5.0_5_reduced2_Average.hdf,2020,2020,153,182,48,1617,0,0.08507878,0.1480629,0.1108244,0.008013818,0.110343
ESACCI-OC-L3S-CHLOR_A-MERGED-1M_MONTHLY_4km_GEO_PML_OCx-202007-fv5.0_5_reduced2_Average.hdf,2020,2020,183,213,48,1617,0,0.07883681,0.1775346,0.1074079,0.01198677,0.1059317
ESACCI-OC-L3S-CHLOR_A-MERGED-1M_MONTHLY_4km_GEO_PML_OCx-202008-fv5.0_5_reduced2_Average.hdf,2020,2020,214,244,48,1617,0,0.07480398,0.1342337,0.1067445,0.008957366,0.1071376
ESACCI-OC-L3S-CHLOR_A-MERGED-1M_MONTHLY_4km_GEO_PML_OCx-202009-fv5.0_5_reduced2_Average.hdf,2020,2020,245,274,48,1617,0,0.06609466,0.1415326,0.1088643,0.01086885,0.1093213
ESACCI-OC-L3S-CHLOR_A-MERGED-1M_MONTHLY_4km_GEO_PML_OCx-202010-fv5.0_5_reduced2_Average.hdf,2020,2020,275,305,48,1617,0,0.07952221,0.1540782,0.1141479,0.01289678,0.1149369
ESACCI-OC-L3S-CHLOR_A-MERGED-1M_MONTHLY_4km_GEO_PML_OCx-202011-fv5.0_5_reduced2_Average.hdf,2020,2020,306,335,48,1617,0,0.07299283,0.2339831,0.1445387,0.0396138,0.1516119
ESACCI-OC-L3S-CHLOR_A-MERGED-1M_MONTHLY_4km_GEO_PML_OCx-202012-fv5.0_5_reduced2_Average.hdf,2020,2020,336,366,48,1617,0,0.09255899,0.3385106,0.1590227,0.04675266,0.1385774
ESACCI-OC-L3S-CHLOR_A-MERGED-1M_MONTHLY_4km_GEO_PML_OCx-202101-fv5.0_5_reduced2_Average.hdf,2021,2021,1,31,48,1617,0,0.09587976,0.3167199,0.1581802,0.03783713,0.150993
ESACCI-OC-L3S-CHLOR_A-MERGED-1M_MONTHLY_4km_GEO_PML_OCx-202102-fv5.0_5_reduced2_Average.hdf,2021,2021,32,59,48,1617,0,0.09444802,0.2168966,0.1355017,0.02271586,0.1277714
ESACCI-OC-L3S-CHLOR_A-MERGED-1M_MONTHLY_4km_GEO_PML_OCx-202103-fv5.0_5_reduced2_Average.hdf,2021,2021,60,90,48,1617,0,0.09247357,0.3872884,0.2112552,0.05903084,0.2030194
ESACCI-OC-L3S-CHLOR_A-MERGED-1M_MONTHLY_4km_GEO_PML_OCx-202104-fv5.0_5_reduced2_Average.hdf,2021,2021,91,120,48,1617,0,0.09863107,0.2909779,0.2027461,0.03073569,0.2017833
ESACCI-OC-L3S-CHLOR_A-MERGED-1M_MONTHLY_4km_GEO_PML_OCx-202105-fv5.0_5_reduced2_Average.hdf,2021,2021,121,151,48,1617,0,0.1049525,0.2259722,0.1451087,0.02698432,0.1358737
ESACCI-OC-L3S-CHLOR_A-MERGED-1M_MONTHLY_4km_GEO_PML_OCx-202106-fv5.0_5_reduced2_Average.hdf,2021,2021,152,181,48,1617,0,0.1025703,0.1897071,0.1380235,0.01262161,0.1372693
ESACCI-OC-L3S-CHLOR_A-MERGED-1M_MONTHLY_4km_GEO_PML_OCx-202107-fv5.0_5_reduced2_Average.hdf,2021,2021,182,212,48,1617,0,0.1030845,0.2258986,0.143823,0.01640313,0.142969
ESACCI-OC-L3S-CHLOR_A-MERGED-1M_MONTHLY_4km_GEO_PML_OCx-202108-fv5.0_5_reduced2_Average.hdf,2021,2021,213,243,48,1613,4,0.07893687,0.2877524,0.1417933,0.03749555,0.1321808
ESACCI-OC-L3S-CHLOR_A-MERGED-1M_MONTHLY_4km_GEO_PML_OCx-202109-fv5.0_5_reduced2_Average.hdf,2021,2021,244,273,48,1617,0,0.0727143,0.3370823,0.1503301,0.04481141,0.1371355
ESACCI-OC-L3S-CHLOR_A-MERGED-1M_MONTHLY_4km_GEO_PML_OCx-202110-fv5.0_5_reduced2_Average.hdf,2021,2021,274,304,48,1617,0,0.08156144,0.2499548,0.1440204,0.03165657,0.1396308
ESACCI-OC-L3S-CHLOR_A-MERGED-1M_MONTHLY_4km_GEO_PML_OCx-202111-fv5.0_5_reduced2_Average.hdf,2021,2021,305,334,48,1615,2,0.07547126,0.3790992,0.189647,0.06590099,0.1725173
ESACCI-OC-L3S-CHLOR_A-MERGED-1M_MONTHLY_4km_GEO_PML_OCx-202112-fv5.0_5_reduced2_Average.hdf,2021,2021,335,365,48,1617,0,0.1186031,0.2683763,0.1627883,0.02379552,0.1555387
