Image,SYear,EYear,SDay,EDay,Mask,Nin,Nout,Min,Max,Mean,StDev,Median
ESACCI-OC-L3S-CHLOR_A-MERGED-1M_MONTHLY_4km_GEO_PML_OCx-201001-fv5.0_5_reduced2_Average.hdf,2010,2010,1,31,32,1889,0,0.1452442,1.576608,0.4352202,0.2255224,0.3371969
ESACCI-OC-L3S-CHLOR_A-MERGED-1M_MONTHLY_4km_GEO_PML_OCx-201002-fv5.0_5_reduced2_Average.hdf,2010,2010,32,59,32,1889,0,0.105324,0.8068737,0.3629121,0.1690867,0.328079
ESACCI-OC-L3S-CHLOR_A-MERGED-1M_MONTHLY_4km_GEO_PML_OCx-201003-fv5.0_5_reduced2_Average.hdf,2010,2010,60,90,32,1889,0,0.08575601,0.8830353,0.3783107,0.182243,0.4209917
ESACCI-OC-L3S-CHLOR_A-MERGED-1M_MONTHLY_4km_GEO_PML_OCx-201004-fv5.0_5_reduced2_Average.hdf,2010,2010,91,120,32,1889,0,0.08327347,0.7797588,0.35766,0.1616242,0.4033441
ESACCI-OC-L3S-CHLOR_A-MERGED-1M_MONTHLY_4km_GEO_PML_OCx-201005-fv5.0_5_reduced2_Average.hdf,2010,2010,121,151,32,1889,0,0.07319109,1.095668,0.3552545,0.1770992,0.3496437
ESACCI-OC-L3S-CHLOR_A-MERGED-1M_MONTHLY_4km_GEO_PML_OCx-201006-fv5.0_5_reduced2_Average.hdf,2010,2010,152,181,32,1889,0,0.06299215,0.6875773,0.2780263,0.1123688,0.2788085
ESACCI-OC-L3S-CHLOR_A-MERGED-1M_MONTHLY_4km_GEO_PML_OCx-201007-fv5.0_5_reduced2_Average.hdf,2010,2010,182,212,32,1889,0,0.06427297,0.6130853,0.206781,0.08498298,0.1845177
ESACCI-OC-L3S-CHLOR_A-MERGED-1M_MONTHLY_4km_GEO_PML_OCx-201008-fv5.0_5_reduced2_Average.hdf,2010,2010,213,243,32,1889,0,0.06737632,0.9488506,0.2460676,0.1859571,0.1626748
ESACCI-OC-L3S-CHLOR_A-MERGED-1M_MONTHLY_4km_GEO_PML_OCx-201009-fv5.0_5_reduced2_Average.hdf,2010,2010,244,273,32,1889,0,0.07516408,0.8375771,0.2561404,0.1785413,0.1740701
ESACCI-OC-L3S-CHLOR_A-MERGED-1M_MONTHLY_4km_GEO_PML_OCx-201010-fv5.0_5_reduced2_Average.hdf,2010,2010,274,304,32,1889,0,0.07562159,1.09995,0.3180506,0.2181692,0.1995407
ESACCI-OC-L3S-CHLOR_A-MERGED-1M_MONTHLY_4km_GEO_PML_OCx-201011-fv5.0_5_reduced2_Average.hdf,2010,2010,305,334,32,1889,0,0.1106253,1.468134,0.4358081,0.2511002,0.4148223
ESACCI-OC-L3S-CHLOR_A-MERGED-1M_MONTHLY_4km_GEO_PML_OCx-201012-fv5.0_5_reduced2_Average.hdf,2010,2010,335,365,32,1889,0,0.1247895,1.475757,0.4503934,0.1919468,0.4620312
ESACCI-OC-L3S-CHLOR_A-MERGED-1M_MONTHLY_4km_GEO_PML_OCx-201101-fv5.0_5_reduced2_Average.hdf,2011,2011,1,31,32,1889,0,0.1318755,1.413054,0.4781919,0.1951746,0.4687982
ESACCI-OC-L3S-CHLOR_A-MERGED-1M_MONTHLY_4km_GEO_PML_OCx-201102-fv5.0_5_reduced2_Average.hdf,2011,2011,32,59,32,1889,0,0.1199781,0.8316032,0.4028395,0.1375194,0.4230278
ESACCI-OC-L3S-CHLOR_A-MERGED-1M_MONTHLY_4km_GEO_PML_OCx-201103-fv5.0_5_reduced2_Average.hdf,2011,2011,60,90,32,1889,0,0.1111097,0.7071586,0.3545143,0.1464527,0.3768385
ESACCI-OC-L3S-CHLOR_A-MERGED-1M_MONTHLY_4km_GEO_PML_OCx-201104-fv5.0_5_reduced2_Average.hdf,2011,2011,91,120,32,1889,0,0.09838915,1.467968,0.3459673,0.1821462,0.3274068
ESACCI-OC-L3S-CHLOR_A-MERGED-1M_MONTHLY_4km_GEO_PML_OCx-201105-fv5.0_5_reduced2_Average.hdf,2011,2011,121,151,32,1889,0,0.06974506,1.224854,0.3056203,0.1870892,0.3000451
ESACCI-OC-L3S-CHLOR_A-MERGED-1M_MONTHLY_4km_GEO_PML_OCx-201106-fv5.0_5_reduced2_Average.hdf,2011,2011,152,181,32,1882,7,0.07650471,1.264328,0.288528,0.1772026,0.2523389
ESACCI-OC-L3S-CHLOR_A-MERGED-1M_MONTHLY_4km_GEO_PML_OCx-201107-fv5.0_5_reduced2_Average.hdf,2011,2011,182,212,32,1872,17,0.07026222,0.8302343,0.2709723,0.1420164,0.2601482
ESACCI-OC-L3S-CHLOR_A-MERGED-1M_MONTHLY_4km_GEO_PML_OCx-201108-fv5.0_5_reduced2_Average.hdf,2011,2011,213,243,32,1880,9,0.07477851,1.862681,0.3404081,0.2378865,0.2850096
ESACCI-OC-L3S-CHLOR_A-MERGED-1M_MONTHLY_4km_GEO_PML_OCx-201109-fv5.0_5_reduced2_Average.hdf,2011,2011,244,273,32,1889,0,0.07285252,0.696924,0.2550389,0.153273,0.2017932
ESACCI-OC-L3S-CHLOR_A-MERGED-1M_MONTHLY_4km_GEO_PML_OCx-201110-fv5.0_5_reduced2_Average.hdf,2011,2011,274,304,32,1889,0,0.07866345,0.8249784,0.2181453,0.1419889,0.1466547
ESACCI-OC-L3S-CHLOR_A-MERGED-1M_MONTHLY_4km_GEO_PML_OCx-201111-fv5.0_5_reduced2_Average.hdf,2011,2011,305,334,32,1889,0,0.1120789,1.188062,0.3190217,0.1867796,0.2605687
ESACCI-OC-L3S-CHLOR_A-MERGED-1M_MONTHLY_4km_GEO_PML_OCx-201112-fv5.0_5_reduced2_Average.hdf,2011,2011,335,365,32,1889,0,0.1246963,0.8247349,0.3826967,0.1617552,0.3765485
ESACCI-OC-L3S-CHLOR_A-MERGED-1M_MONTHLY_4km_GEO_PML_OCx-201201-fv5.0_5_reduced2_Average.hdf,2012,2012,1,31,32,1889,0,0.1495537,0.7299184,0.3468631,0.09164368,0.3495845
ESACCI-OC-L3S-CHLOR_A-MERGED-1M_MONTHLY_4km_GEO_PML_OCx-201202-fv5.0_5_reduced2_Average.hdf,2012,2012,32,60,32,1889,0,0.1297289,0.5060064,0.2806562,0.06208011,0.2770671
ESACCI-OC-L3S-CHLOR_A-MERGED-1M_MONTHLY_4km_GEO_PML_OCx-201203-fv5.0_5_reduced2_Average.hdf,2012,2012,61,91,32,1889,0,0.1086628,0.5380527,0.2640014,0.0614956,0.2561297
ESACCI-OC-L3S-CHLOR_A-MERGED-1M_MONTHLY_4km_GEO_PML_OCx-201204-fv5.0_5_reduced2_Average.hdf,2012,2012,92,121,32,1889,0,0.07872999,0.713115,0.194202,0.09696846,0.1577263
ESACCI-OC-L3S-CHLOR_A-MERGED-1M_MONTHLY_4km_GEO_PML_OCx-201205-fv5.0_5_reduced2_Average.hdf,2012,2012,122,152,32,1889,0,0.05743984,0.6839054,0.1776993,0.11692,0.1375447
ESACCI-OC-L3S-CHLOR_A-MERGED-1M_MONTHLY_4km_GEO_PML_OCx-201206-fv5.0_5_reduced2_Average.hdf,2012,2012,153,182,32,1889,0,0.05254288,0.8881368,0.2080205,0.1686828,0.1491493
ESACCI-OC-L3S-CHLOR_A-MERGED-1M_MONTHLY_4km_GEO_PML_OCx-201207-fv5.0_5_reduced2_Average.hdf,2012,2012,183,213,32,1161,728,0.04072576,1.150168,0.2333053,0.1652149,0.1623521
ESACCI-OC-L3S-CHLOR_A-MERGED-1M_MONTHLY_4km_GEO_PML_OCx-201208-fv5.0_5_reduced2_Average.hdf,2012,2012,214,244,32,1889,0,0.0758626,1.536659,0.1951362,0.180791,0.1203873
ESACCI-OC-L3S-CHLOR_A-MERGED-1M_MONTHLY_4km_GEO_PML_OCx-201209-fv5.0_5_reduced2_Average.hdf,2012,2012,245,274,32,1889,0,0.07669787,0.9658385,0.2260226,0.1878965,0.1229192
ESACCI-OC-L3S-CHLOR_A-MERGED-1M_MONTHLY_4km_GEO_PML_OCx-201210-fv5.0_5_reduced2_Average.hdf,2012,2012,275,305,32,1889,0,0.07212753,0.696415,0.21933,0.1579742,0.1245595
ESACCI-OC-L3S-CHLOR_A-MERGED-1M_MONTHLY_4km_GEO_PML_OCx-201211-fv5.0_5_reduced2_Average.hdf,2012,2012,306,335,32,1889,0,0.0829898,0.718819,0.2251063,0.1222329,0.2109477
ESACCI-OC-L3S-CHLOR_A-MERGED-1M_MONTHLY_4km_GEO_PML_OCx-201212-fv5.0_5_reduced2_Average.hdf,2012,2012,336,366,32,1885,4,0.09751186,1.111974,0.3377307,0.1865976,0.2764105
ESACCI-OC-L3S-CHLOR_A-MERGED-1M_MONTHLY_4km_GEO_PML_OCx-201301-fv5.0_5_reduced2_Average.hdf,2013,2013,1,31,32,1889,0,0.1115754,0.7775356,0.3550957,0.1558719,0.3270198
ESACCI-OC-L3S-CHLOR_A-MERGED-1M_MONTHLY_4km_GEO_PML_OCx-201302-fv5.0_5_reduced2_Average.hdf,2013,2013,32,59,32,1889,0,0.1712844,0.7537302,0.4196341,0.1364965,0.4516945
ESACCI-OC-L3S-CHLOR_A-MERGED-1M_MONTHLY_4km_GEO_PML_OCx-201303-fv5.0_5_reduced2_Average.hdf,2013,2013,60,90,32,1889,0,0.1059059,1.109921,0.4205437,0.1797387,0.4508154
ESACCI-OC-L3S-CHLOR_A-MERGED-1M_MONTHLY_4km_GEO_PML_OCx-201304-fv5.0_5_reduced2_Average.hdf,2013,2013,91,120,32,1889,0,0.07649849,1.10591,0.4037631,0.1828887,0.4371293
ESACCI-OC-L3S-CHLOR_A-MERGED-1M_MONTHLY_4km_GEO_PML_OCx-201305-fv5.0_5_reduced2_Average.hdf,2013,2013,121,151,32,1889,0,0.0889969,0.7602866,0.3125089,0.1274837,0.2941141
ESACCI-OC-L3S-CHLOR_A-MERGED-1M_MONTHLY_4km_GEO_PML_OCx-201306-fv5.0_5_reduced2_Average.hdf,2013,2013,152,181,32,1889,0,0.06691043,1.840857,0.285823,0.1972868,0.2227372
ESACCI-OC-L3S-CHLOR_A-MERGED-1M_MONTHLY_4km_GEO_PML_OCx-201307-fv5.0_5_reduced2_Average.hdf,2013,2013,182,212,32,1889,0,0.05301289,1.550263,0.2564507,0.2060234,0.2009167
ESACCI-OC-L3S-CHLOR_A-MERGED-1M_MONTHLY_4km_GEO_PML_OCx-201308-fv5.0_5_reduced2_Average.hdf,2013,2013,213,243,32,1887,2,0.05872231,0.7695887,0.2339204,0.1383622,0.2144229
ESACCI-OC-L3S-CHLOR_A-MERGED-1M_MONTHLY_4km_GEO_PML_OCx-201309-fv5.0_5_reduced2_Average.hdf,2013,2013,244,273,32,1889,0,0.06580436,1.182538,0.2582909,0.1724612,0.2020398
ESACCI-OC-L3S-CHLOR_A-MERGED-1M_MONTHLY_4km_GEO_PML_OCx-201310-fv5.0_5_reduced2_Average.hdf,2013,2013,274,304,32,1889,0,0.09289899,1.624147,0.3329813,0.1957304,0.2767599
ESACCI-OC-L3S-CHLOR_A-MERGED-1M_MONTHLY_4km_GEO_PML_OCx-201311-fv5.0_5_reduced2_Average.hdf,2013,2013,305,334,32,1889,0,0.09710276,0.9115764,0.4181983,0.1918288,0.4209022
ESACCI-OC-L3S-CHLOR_A-MERGED-1M_MONTHLY_4km_GEO_PML_OCx-201312-fv5.0_5_reduced2_Average.hdf,2013,2013,335,365,32,1889,0,0.1259997,1.075584,0.5580139,0.2172794,0.5517998
ESACCI-OC-L3S-CHLOR_A-MERGED-1M_MONTHLY_4km_GEO_PML_OCx-201401-fv5.0_5_reduced2_Average.hdf,2014,2014,1,31,32,1889,0,0.1202848,0.9809394,0.5118679,0.2029513,0.5342512
ESACCI-OC-L3S-CHLOR_A-MERGED-1M_MONTHLY_4km_GEO_PML_OCx-201402-fv5.0_5_reduced2_Average.hdf,2014,2014,32,59,32,1889,0,0.09902272,0.9163969,0.4432697,0.2220175,0.4721335
ESACCI-OC-L3S-CHLOR_A-MERGED-1M_MONTHLY_4km_GEO_PML_OCx-201403-fv5.0_5_reduced2_Average.hdf,2014,2014,60,90,32,1889,0,0.08883198,1.066019,0.4339785,0.2591693,0.4020109
ESACCI-OC-L3S-CHLOR_A-MERGED-1M_MONTHLY_4km_GEO_PML_OCx-201404-fv5.0_5_reduced2_Average.hdf,2014,2014,91,120,32,1889,0,0.07409398,0.6173583,0.2766495,0.1341422,0.2890658
ESACCI-OC-L3S-CHLOR_A-MERGED-1M_MONTHLY_4km_GEO_PML_OCx-201405-fv5.0_5_reduced2_Average.hdf,2014,2014,121,151,32,1889,0,0.05582843,0.6283886,0.1682545,0.08362433,0.152385
ESACCI-OC-L3S-CHLOR_A-MERGED-1M_MONTHLY_4km_GEO_PML_OCx-201406-fv5.0_5_reduced2_Average.hdf,2014,2014,152,181,32,1888,1,0.06465154,0.5534955,0.2009942,0.1152417,0.1553945
ESACCI-OC-L3S-CHLOR_A-MERGED-1M_MONTHLY_4km_GEO_PML_OCx-201407-fv5.0_5_reduced2_Average.hdf,2014,2014,182,212,32,1846,43,0.05438537,0.7225778,0.1978742,0.1183573,0.1551829
ESACCI-OC-L3S-CHLOR_A-MERGED-1M_MONTHLY_4km_GEO_PML_OCx-201408-fv5.0_5_reduced2_Average.hdf,2014,2014,213,243,32,1889,0,0.06744723,0.7372169,0.2144706,0.1352922,0.1539456
ESACCI-OC-L3S-CHLOR_A-MERGED-1M_MONTHLY_4km_GEO_PML_OCx-201409-fv5.0_5_reduced2_Average.hdf,2014,2014,244,273,32,1889,0,0.06785072,0.6812763,0.1870706,0.1192705,0.144687
ESACCI-OC-L3S-CHLOR_A-MERGED-1M_MONTHLY_4km_GEO_PML_OCx-201410-fv5.0_5_reduced2_Average.hdf,2014,2014,274,304,32,1889,0,0.0838562,0.3694611,0.1710472,0.07138021,0.1624261
ESACCI-OC-L3S-CHLOR_A-MERGED-1M_MONTHLY_4km_GEO_PML_OCx-201411-fv5.0_5_reduced2_Average.hdf,2014,2014,305,334,32,1889,0,0.08441057,0.5606496,0.1698686,0.06086542,0.1561092
ESACCI-OC-L3S-CHLOR_A-MERGED-1M_MONTHLY_4km_GEO_PML_OCx-201412-fv5.0_5_reduced2_Average.hdf,2014,2014,335,365,32,1887,2,0.08918934,0.7809828,0.2213996,0.1087634,0.1777778
ESACCI-OC-L3S-CHLOR_A-MERGED-1M_MONTHLY_4km_GEO_PML_OCx-201501-fv5.0_5_reduced2_Average.hdf,2015,2015,1,31,32,1889,0,0.09144529,0.7273331,0.2312424,0.1193002,0.1937234
ESACCI-OC-L3S-CHLOR_A-MERGED-1M_MONTHLY_4km_GEO_PML_OCx-201502-fv5.0_5_reduced2_Average.hdf,2015,2015,32,59,32,1889,0,0.08417152,0.466897,0.1946692,0.09170889,0.154227
ESACCI-OC-L3S-CHLOR_A-MERGED-1M_MONTHLY_4km_GEO_PML_OCx-201503-fv5.0_5_reduced2_Average.hdf,2015,2015,60,90,32,1889,0,0.06402296,0.4663836,0.1596487,0.07413109,0.1281499
ESACCI-OC-L3S-CHLOR_A-MERGED-1M_MONTHLY_4km_GEO_PML_OCx-201504-fv5.0_5_reduced2_Average.hdf,2015,2015,91,120,32,1889,0,0.05298506,0.4767807,0.1587657,0.08385251,0.1297204
ESACCI-OC-L3S-CHLOR_A-MERGED-1M_MONTHLY_4km_GEO_PML_OCx-201505-fv5.0_5_reduced2_Average.hdf,2015,2015,121,151,32,1886,3,0.0447188,0.6821755,0.1771848,0.1036876,0.1504564
ESACCI-OC-L3S-CHLOR_A-MERGED-1M_MONTHLY_4km_GEO_PML_OCx-201506-fv5.0_5_reduced2_Average.hdf,2015,2015,152,181,32,1889,0,0.0477751,0.478557,0.1614992,0.1037102,0.1153654
ESACCI-OC-L3S-CHLOR_A-MERGED-1M_MONTHLY_4km_GEO_PML_OCx-201507-fv5.0_5_reduced2_Average.hdf,2015,2015,182,212,32,1889,0,0.05952992,0.4463909,0.1327825,0.06787142,0.1097581
ESACCI-OC-L3S-CHLOR_A-MERGED-1M_MONTHLY_4km_GEO_PML_OCx-201508-fv5.0_5_reduced2_Average.hdf,2015,2015,213,243,32,1889,0,0.06287657,0.3275257,0.1287879,0.05360335,0.118084
ESACCI-OC-L3S-CHLOR_A-MERGED-1M_MONTHLY_4km_GEO_PML_OCx-201509-fv5.0_5_reduced2_Average.hdf,2015,2015,244,273,32,1889,0,0.06664422,0.3533367,0.1463766,0.05973698,0.1371001
ESACCI-OC-L3S-CHLOR_A-MERGED-1M_MONTHLY_4km_GEO_PML_OCx-201510-fv5.0_5_reduced2_Average.hdf,2015,2015,274,304,32,1889,0,0.07107697,0.3655191,0.1601402,0.07071782,0.1344397
ESACCI-OC-L3S-CHLOR_A-MERGED-1M_MONTHLY_4km_GEO_PML_OCx-201511-fv5.0_5_reduced2_Average.hdf,2015,2015,305,334,32,1889,0,0.0954642,1.166474,0.2798735,0.2028091,0.2134705
ESACCI-OC-L3S-CHLOR_A-MERGED-1M_MONTHLY_4km_GEO_PML_OCx-201512-fv5.0_5_reduced2_Average.hdf,2015,2015,335,365,32,1889,0,0.1146267,0.6341778,0.3042989,0.1325676,0.2853183
ESACCI-OC-L3S-CHLOR_A-MERGED-1M_MONTHLY_4km_GEO_PML_OCx-201601-fv5.0_5_reduced2_Average.hdf,2016,2016,1,31,32,1889,0,0.1161523,0.7401201,0.2899048,0.1039519,0.2859219
ESACCI-OC-L3S-CHLOR_A-MERGED-1M_MONTHLY_4km_GEO_PML_OCx-201602-fv5.0_5_reduced2_Average.hdf,2016,2016,32,60,32,1889,0,0.09364872,0.4920171,0.1904111,0.07435843,0.1731689
ESACCI-OC-L3S-CHLOR_A-MERGED-1M_MONTHLY_4km_GEO_PML_OCx-201603-fv5.0_5_reduced2_Average.hdf,2016,2016,61,91,32,1889,0,0.06711779,0.3615312,0.1391943,0.05538842,0.1193347
ESACCI-OC-L3S-CHLOR_A-MERGED-1M_MONTHLY_4km_GEO_PML_OCx-201604-fv5.0_5_reduced2_Average.hdf,2016,2016,92,121,32,1889,0,0.04228996,0.3568257,0.0917116,0.04305441,0.0743933
ESACCI-OC-L3S-CHLOR_A-MERGED-1M_MONTHLY_4km_GEO_PML_OCx-201605-fv5.0_5_reduced2_Average.hdf,2016,2016,122,152,32,1881,8,0.04162889,0.2648428,0.0966716,0.03597504,0.09147458
ESACCI-OC-L3S-CHLOR_A-MERGED-1M_MONTHLY_4km_GEO_PML_OCx-201606-fv5.0_5_reduced2_Average.hdf,2016,2016,153,182,32,1889,0,0.05668456,0.769558,0.1101196,0.07327845,0.08501942
ESACCI-OC-L3S-CHLOR_A-MERGED-1M_MONTHLY_4km_GEO_PML_OCx-201607-fv5.0_5_reduced2_Average.hdf,2016,2016,183,213,32,1889,0,0.05852135,0.5442789,0.1251515,0.0800717,0.09379766
ESACCI-OC-L3S-CHLOR_A-MERGED-1M_MONTHLY_4km_GEO_PML_OCx-201608-fv5.0_5_reduced2_Average.hdf,2016,2016,214,244,32,1889,0,0.06570321,0.4155784,0.1470268,0.08520776,0.1008862
ESACCI-OC-L3S-CHLOR_A-MERGED-1M_MONTHLY_4km_GEO_PML_OCx-201609-fv5.0_5_reduced2_Average.hdf,2016,2016,245,274,32,1889,0,0.06412347,0.6685472,0.1577711,0.09993304,0.1097298
ESACCI-OC-L3S-CHLOR_A-MERGED-1M_MONTHLY_4km_GEO_PML_OCx-201610-fv5.0_5_reduced2_Average.hdf,2016,2016,275,305,32,1889,0,0.06706408,1.042919,0.1794981,0.1497487,0.1110699
ESACCI-OC-L3S-CHLOR_A-MERGED-1M_MONTHLY_4km_GEO_PML_OCx-201611-fv5.0_5_reduced2_Average.hdf,2016,2016,306,335,32,1889,0,0.07910118,0.6496176,0.1795008,0.1157803,0.1286663
ESACCI-OC-L3S-CHLOR_A-MERGED-1M_MONTHLY_4km_GEO_PML_OCx-201612-fv5.0_5_reduced2_Average.hdf,2016,2016,336,366,32,1889,0,0.1099757,0.7412979,0.2385131,0.09666529,0.2246837
ESACCI-OC-L3S-CHLOR_A-MERGED-1M_MONTHLY_4km_GEO_PML_OCx-201701-fv5.0_5_reduced2_Average.hdf,2017,2017,1,31,32,1889,0,0.1268225,0.8535348,0.2283765,0.09885439,0.2016822
ESACCI-OC-L3S-CHLOR_A-MERGED-1M_MONTHLY_4km_GEO_PML_OCx-201702-fv5.0_5_reduced2_Average.hdf,2017,2017,32,59,32,1888,1,0.07571696,0.5167034,0.1976418,0.08915161,0.1717663
ESACCI-OC-L3S-CHLOR_A-MERGED-1M_MONTHLY_4km_GEO_PML_OCx-201703-fv5.0_5_reduced2_Average.hdf,2017,2017,60,90,32,1889,0,0.05920936,0.4204424,0.1416066,0.07759532,0.1057748
ESACCI-OC-L3S-CHLOR_A-MERGED-1M_MONTHLY_4km_GEO_PML_OCx-201704-fv5.0_5_reduced2_Average.hdf,2017,2017,91,120,32,1889,0,0.04357208,0.3393063,0.1173134,0.0676656,0.08874168
ESACCI-OC-L3S-CHLOR_A-MERGED-1M_MONTHLY_4km_GEO_PML_OCx-201705-fv5.0_5_reduced2_Average.hdf,2017,2017,121,151,32,1889,0,0.03695026,1.867531,0.2239315,0.2719353,0.1414445
ESACCI-OC-L3S-CHLOR_A-MERGED-1M_MONTHLY_4km_GEO_PML_OCx-201706-fv5.0_5_reduced2_Average.hdf,2017,2017,152,181,32,1889,0,0.0439996,1.020348,0.1695208,0.1412496,0.1349022
ESACCI-OC-L3S-CHLOR_A-MERGED-1M_MONTHLY_4km_GEO_PML_OCx-201707-fv5.0_5_reduced2_Average.hdf,2017,2017,182,212,32,1889,0,0.04776786,0.5713429,0.1584021,0.1058974,0.1218265
ESACCI-OC-L3S-CHLOR_A-MERGED-1M_MONTHLY_4km_GEO_PML_OCx-201708-fv5.0_5_reduced2_Average.hdf,2017,2017,213,243,32,1771,118,0.05657846,0.9084961,0.1781609,0.1020624,0.1412697
ESACCI-OC-L3S-CHLOR_A-MERGED-1M_MONTHLY_4km_GEO_PML_OCx-201709-fv5.0_5_reduced2_Average.hdf,2017,2017,244,273,32,1889,0,0.08059394,0.5305817,0.1791604,0.09531371,0.1411075
ESACCI-OC-L3S-CHLOR_A-MERGED-1M_MONTHLY_4km_GEO_PML_OCx-201710-fv5.0_5_reduced2_Average.hdf,2017,2017,274,304,32,1889,0,0.0974747,1.44313,0.3032514,0.1937219,0.2384873
ESACCI-OC-L3S-CHLOR_A-MERGED-1M_MONTHLY_4km_GEO_PML_OCx-201711-fv5.0_5_reduced2_Average.hdf,2017,2017,305,334,32,1889,0,0.1056484,0.6497056,0.2869971,0.1491538,0.2156517
ESACCI-OC-L3S-CHLOR_A-MERGED-1M_MONTHLY_4km_GEO_PML_OCx-201712-fv5.0_5_reduced2_Average.hdf,2017,2017,335,365,32,1889,0,0.1482404,0.8337811,0.3807378,0.1688928,0.3367832
ESACCI-OC-L3S-CHLOR_A-MERGED-1M_MONTHLY_4km_GEO_PML_OCx-201801-fv5.0_5_reduced2_Average.hdf,2018,2018,1,31,32,1889,0,0.1361278,0.6168717,0.3105496,0.1070325,0.2825485
ESACCI-OC-L3S-CHLOR_A-MERGED-1M_MONTHLY_4km_GEO_PML_OCx-201802-fv5.0_5_reduced2_Average.hdf,2018,2018,32,59,32,1889,0,0.1211871,0.5019496,0.2567028,0.06812762,0.2481968
ESACCI-OC-L3S-CHLOR_A-MERGED-1M_MONTHLY_4km_GEO_PML_OCx-201803-fv5.0_5_reduced2_Average.hdf,2018,2018,60,90,32,1889,0,0.1170785,0.6064042,0.2810378,0.09115706,0.2622822
ESACCI-OC-L3S-CHLOR_A-MERGED-1M_MONTHLY_4km_GEO_PML_OCx-201804-fv5.0_5_reduced2_Average.hdf,2018,2018,91,120,32,1889,0,0.05918147,0.6231857,0.1762235,0.1135018,0.1293455
ESACCI-OC-L3S-CHLOR_A-MERGED-1M_MONTHLY_4km_GEO_PML_OCx-201805-fv5.0_5_reduced2_Average.hdf,2018,2018,121,151,32,1889,0,0.0485554,0.722151,0.153385,0.1126673,0.1084315
ESACCI-OC-L3S-CHLOR_A-MERGED-1M_MONTHLY_4km_GEO_PML_OCx-201806-fv5.0_5_reduced2_Average.hdf,2018,2018,152,181,32,1889,0,0.05853704,0.7765971,0.1730606,0.1193151,0.1269085
ESACCI-OC-L3S-CHLOR_A-MERGED-1M_MONTHLY_4km_GEO_PML_OCx-201807-fv5.0_5_reduced2_Average.hdf,2018,2018,182,212,32,1889,0,0.05520084,0.7959184,0.14854,0.1034595,0.09622218
ESACCI-OC-L3S-CHLOR_A-MERGED-1M_MONTHLY_4km_GEO_PML_OCx-201808-fv5.0_5_reduced2_Average.hdf,2018,2018,213,243,32,1889,0,0.06199864,2.28706,0.2310487,0.2677055,0.1302
ESACCI-OC-L3S-CHLOR_A-MERGED-1M_MONTHLY_4km_GEO_PML_OCx-201809-fv5.0_5_reduced2_Average.hdf,2018,2018,244,273,32,1889,0,0.06733399,1.820091,0.2503744,0.2176209,0.1362972
ESACCI-OC-L3S-CHLOR_A-MERGED-1M_MONTHLY_4km_GEO_PML_OCx-201810-fv5.0_5_reduced2_Average.hdf,2018,2018,274,304,32,1889,0,0.07279446,0.9610369,0.2614161,0.1775137,0.1865216
ESACCI-OC-L3S-CHLOR_A-MERGED-1M_MONTHLY_4km_GEO_PML_OCx-201811-fv5.0_5_reduced2_Average.hdf,2018,2018,305,334,32,1889,0,0.09268342,1.736356,0.3646942,0.2634487,0.3151585
ESACCI-OC-L3S-CHLOR_A-MERGED-1M_MONTHLY_4km_GEO_PML_OCx-201812-fv5.0_5_reduced2_Average.hdf,2018,2018,335,365,32,1889,0,0.1167851,0.9152216,0.3824466,0.2012216,0.3826777
ESACCI-OC-L3S-CHLOR_A-MERGED-1M_MONTHLY_4km_GEO_PML_OCx-201901-fv5.0_5_reduced2_Average.hdf,2019,2019,1,31,32,1889,0,0.1117515,0.6222159,0.3440443,0.132928,0.3604178
ESACCI-OC-L3S-CHLOR_A-MERGED-1M_MONTHLY_4km_GEO_PML_OCx-201902-fv5.0_5_reduced2_Average.hdf,2019,2019,32,59,32,1889,0,0.1188683,0.5264168,0.3202869,0.08800934,0.32773
ESACCI-OC-L3S-CHLOR_A-MERGED-1M_MONTHLY_4km_GEO_PML_OCx-201903-fv5.0_5_reduced2_Average.hdf,2019,2019,60,90,32,1889,0,0.1137654,0.6397879,0.2793382,0.08861102,0.2738613
ESACCI-OC-L3S-CHLOR_A-MERGED-1M_MONTHLY_4km_GEO_PML_OCx-201904-fv5.0_5_reduced2_Average.hdf,2019,2019,91,120,32,1889,0,0.05653117,0.8799204,0.1737112,0.08340249,0.1557819
ESACCI-OC-L3S-CHLOR_A-MERGED-1M_MONTHLY_4km_GEO_PML_OCx-201905-fv5.0_5_reduced2_Average.hdf,2019,2019,121,151,32,1889,0,0.05456216,0.3846312,0.1303574,0.05578439,0.120997
ESACCI-OC-L3S-CHLOR_A-MERGED-1M_MONTHLY_4km_GEO_PML_OCx-201906-fv5.0_5_reduced2_Average.hdf,2019,2019,152,181,32,1889,0,0.06206553,0.422127,0.1345055,0.06723639,0.1185744
ESACCI-OC-L3S-CHLOR_A-MERGED-1M_MONTHLY_4km_GEO_PML_OCx-201907-fv5.0_5_reduced2_Average.hdf,2019,2019,182,212,32,1889,0,0.05849231,0.3255602,0.1247886,0.04847265,0.1169037
ESACCI-OC-L3S-CHLOR_A-MERGED-1M_MONTHLY_4km_GEO_PML_OCx-201908-fv5.0_5_reduced2_Average.hdf,2019,2019,213,243,32,1889,0,0.06299227,0.3633374,0.1320891,0.06157108,0.1154337
ESACCI-OC-L3S-CHLOR_A-MERGED-1M_MONTHLY_4km_GEO_PML_OCx-201909-fv5.0_5_reduced2_Average.hdf,2019,2019,244,273,32,1889,0,0.0628707,0.8020879,0.1427269,0.1069439,0.1016158
ESACCI-OC-L3S-CHLOR_A-MERGED-1M_MONTHLY_4km_GEO_PML_OCx-201910-fv5.0_5_reduced2_Average.hdf,2019,2019,274,304,32,1889,0,0.08498488,2.239101,0.2483227,0.2846129,0.1367416
ESACCI-OC-L3S-CHLOR_A-MERGED-1M_MONTHLY_4km_GEO_PML_OCx-201911-fv5.0_5_reduced2_Average.hdf,2019,2019,305,334,32,1889,0,0.1219328,1.644319,0.2955725,0.1866482,0.225034
ESACCI-OC-L3S-CHLOR_A-MERGED-1M_MONTHLY_4km_GEO_PML_OCx-201912-fv5.0_5_reduced2_Average.hdf,2019,2019,335,365,32,1889,0,0.1609184,0.7793661,0.317828,0.1097613,0.3086842
ESACCI-OC-L3S-CHLOR_A-MERGED-1M_MONTHLY_4km_GEO_PML_OCx-202001-fv5.0_5_reduced2_Average.hdf,2020,2020,1,31,32,1889,0,0.1458557,0.6753582,0.3432112,0.1028961,0.3340601
ESACCI-OC-L3S-CHLOR_A-MERGED-1M_MONTHLY_4km_GEO_PML_OCx-202002-fv5.0_5_reduced2_Average.hdf,2020,2020,32,60,32,1889,0,0.1269231,0.8075776,0.3273334,0.08629646,0.3212643
ESACCI-OC-L3S-CHLOR_A-MERGED-1M_MONTHLY_4km_GEO_PML_OCx-202003-fv5.0_5_reduced2_Average.hdf,2020,2020,61,91,32,1889,0,0.1440114,0.9497086,0.2992852,0.129635,0.2559524
ESACCI-OC-L3S-CHLOR_A-MERGED-1M_MONTHLY_4km_GEO_PML_OCx-202004-fv5.0_5_reduced2_Average.hdf,2020,2020,92,121,32,1889,0,0.07062766,0.3844351,0.1773188,0.06192693,0.1765759
ESACCI-OC-L3S-CHLOR_A-MERGED-1M_MONTHLY_4km_GEO_PML_OCx-202005-fv5.0_5_reduced2_Average.hdf,2020,2020,122,152,32,1889,0,0.04835609,0.6961913,0.124083,0.08376702,0.09991471
ESACCI-OC-L3S-CHLOR_A-MERGED-1M_MONTHLY_4km_GEO_PML_OCx-202006-fv5.0_5_reduced2_Average.hdf,2020,2020,153,182,32,1889,0,0.05770973,0.5692402,0.1418948,0.09736923,0.1033543
ESACCI-OC-L3S-CHLOR_A-MERGED-1M_MONTHLY_4km_GEO_PML_OCx-202007-fv5.0_5_reduced2_Average.hdf,2020,2020,183,213,32,1889,0,0.06068549,0.9557993,0.1493091,0.09923539,0.1194695
ESACCI-OC-L3S-CHLOR_A-MERGED-1M_MONTHLY_4km_GEO_PML_OCx-202008-fv5.0_5_reduced2_Average.hdf,2020,2020,214,244,32,1889,0,0.05857681,0.9468306,0.1572106,0.09836282,0.1229184
ESACCI-OC-L3S-CHLOR_A-MERGED-1M_MONTHLY_4km_GEO_PML_OCx-202009-fv5.0_5_reduced2_Average.hdf,2020,2020,245,274,32,1889,0,0.07358172,0.7198756,0.1919482,0.1194004,0.1370938
ESACCI-OC-L3S-CHLOR_A-MERGED-1M_MONTHLY_4km_GEO_PML_OCx-202010-fv5.0_5_reduced2_Average.hdf,2020,2020,275,305,32,1889,0,0.1006185,1.286152,0.2418997,0.1587648,0.1594591
ESACCI-OC-L3S-CHLOR_A-MERGED-1M_MONTHLY_4km_GEO_PML_OCx-202011-fv5.0_5_reduced2_Average.hdf,2020,2020,306,335,32,1889,0,0.1243293,1.750098,0.4202975,0.3060301,0.3398919
ESACCI-OC-L3S-CHLOR_A-MERGED-1M_MONTHLY_4km_GEO_PML_OCx-202012-fv5.0_5_reduced2_Average.hdf,2020,2020,336,366,32,1889,0,0.1626172,1.802707,0.4544278,0.2931021,0.355461
ESACCI-OC-L3S-CHLOR_A-MERGED-1M_MONTHLY_4km_GEO_PML_OCx-202101-fv5.0_5_reduced2_Average.hdf,2021,2021,1,31,32,1889,0,0.150645,1.515716,0.3668263,0.1879386,0.3067062
ESACCI-OC-L3S-CHLOR_A-MERGED-1M_MONTHLY_4km_GEO_PML_OCx-202102-fv5.0_5_reduced2_Average.hdf,2021,2021,32,59,32,1889,0,0.1280546,1.130012,0.3511286,0.1571053,0.3199712
ESACCI-OC-L3S-CHLOR_A-MERGED-1M_MONTHLY_4km_GEO_PML_OCx-202103-fv5.0_5_reduced2_Average.hdf,2021,2021,60,90,32,1889,0,0.120466,0.6897829,0.3195761,0.09173343,0.3365521
ESACCI-OC-L3S-CHLOR_A-MERGED-1M_MONTHLY_4km_GEO_PML_OCx-202104-fv5.0_5_reduced2_Average.hdf,2021,2021,91,120,32,1889,0,0.09151702,1.135097,0.2666026,0.1102435,0.2718346
ESACCI-OC-L3S-CHLOR_A-MERGED-1M_MONTHLY_4km_GEO_PML_OCx-202105-fv5.0_5_reduced2_Average.hdf,2021,2021,121,151,32,1889,0,0.07670114,0.5696222,0.2874599,0.103136,0.2958124
ESACCI-OC-L3S-CHLOR_A-MERGED-1M_MONTHLY_4km_GEO_PML_OCx-202106-fv5.0_5_reduced2_Average.hdf,2021,2021,152,181,32,1889,0,0.06551875,0.5879092,0.2222632,0.07311354,0.2355767
ESACCI-OC-L3S-CHLOR_A-MERGED-1M_MONTHLY_4km_GEO_PML_OCx-202107-fv5.0_5_reduced2_Average.hdf,2021,2021,182,212,32,1889,0,0.09268175,0.5685515,0.2951564,0.08295457,0.308891
ESACCI-OC-L3S-CHLOR_A-MERGED-1M_MONTHLY_4km_GEO_PML_OCx-202108-fv5.0_5_reduced2_Average.hdf,2021,2021,213,243,32,1889,0,0.09372157,0.7040937,0.2973379,0.1053209,0.3022675
ESACCI-OC-L3S-CHLOR_A-MERGED-1M_MONTHLY_4km_GEO_PML_OCx-202109-fv5.0_5_reduced2_Average.hdf,2021,2021,244,273,32,1889,0,0.09833047,0.6725211,0.3268331,0.1244999,0.347167
ESACCI-OC-L3S-CHLOR_A-MERGED-1M_MONTHLY_4km_GEO_PML_OCx-202110-fv5.0_5_reduced2_Average.hdf,2021,2021,274,304,32,1889,0,0.1402715,1.455447,0.3576188,0.1547271,0.3451622
ESACCI-OC-L3S-CHLOR_A-MERGED-1M_MONTHLY_4km_GEO_PML_OCx-202111-fv5.0_5_reduced2_Average.hdf,2021,2021,305,334,32,1889,0,0.1673603,0.7003065,0.3326826,0.1295038,0.3155248
ESACCI-OC-L3S-CHLOR_A-MERGED-1M_MONTHLY_4km_GEO_PML_OCx-202112-fv5.0_5_reduced2_Average.hdf,2021,2021,335,365,32,1889,0,0.1135278,0.89345,0.3729685,0.153418,0.3475437
